,column0,key1,key2,label
0,25,conf/icse/FerrariBLGFCLTSSRMBM10,conf/ictai/AraujoOS09,True
1,27,conf/mfcs/BoerRH99,journals/scp/Roever10,True
2,35,conf/iat/Silaghi06,conf/aaai/MatsuiMSHY08,True
3,47,journals/tvlsi/MoonASDB03,conf/glvlsi/BhattiDD06,True
4,49,conf/appinf/JimenezSCRC94,conf/nips/Serrano-GotarredonaOLLPGRDLZWDHJCSAL05,True
5,50,conf/ifip5-5/ShamsuzzohaKHCAF10,journals/ijitm/HilmolaH06,True
6,60,journals/ml/MeirM95,conf/nips/BartlettMM98,True
7,64,journals/combinatorics/FlaxmanHS04,conf/waw/FlaxmanFV07,True
8,68,conf/pimrc/CaballeroSVRJLB04,journals/tnn/Serrano-GotarredonaSASPLLJC08,True
9,72,conf/ecaiw/SoutchanskiT94,conf/lpar/TangT05,True
10,84,journals/ibmrd/TaylorFJKGGB96,journals/pami/BrownS90,True
11,89,journals/ijbc/BrugioniHMB07,journals/ijbc/BoccalettiHL07,True
12,91,conf/iconip/Karras09,conf/ntms/KarrasZ08,True
13,92,journals/concurrency/ShadidT92,journals/siamsc/BochevHST08,True
14,105,conf/icwe/HoubenPSCSW06,conf/europar/KoschSHB01,True
15,113,journals/iandc/Lv06,conf/icics/Lu07,True
16,117,journals/amc/LvWK05a,conf/wisa/PanHL09,True
17,143,conf/jsspp/GongPF09,conf/itcc/PallickaraF05,True
18,157,journals/neco/Aussem02,conf/f-egc/AussemMC07,True
19,173,conf/emmcvpr/JoshiKSJ07,conf/cimaging/KulikovaJDZZ10,True
20,191,conf/fuzzy/FilipPC99,conf/saci/PlastoiC09,True
21,199,journals/cacm/HorningN08,conf/ac/Horning76b,True
22,215,journals/corr/cmp-lg-9611005,conf/trec/LeeSLJCLKCKAKK01,True
23,232,conf/reflection/BlairCDPDDHS99,conf/eatis/GomesCG08,True
24,240,conf/f-egc/RousselotZC10,conf/his/ZanniGF02,True
25,254,conf/jisbd/MeliaMPG09,conf/icwe/BeigbederC04,True
26,268,conf/iq/PeraltaTKBCNC09,conf/bncod/Berti97,True
27,269,conf/icdcs/WeiSCV06,journals/www/DouglisBCK98,True
28,271,conf/focs/Kannan09,journals/siamcomp/DrineasKM06,True
29,273,conf/mm/YangZGYLY08,conf/wkdd/GuoCQSFP08,True
30,284,books/idea/encyclopedia2005/TsunodaLV05,conf/arc/LimaLMM07,True
31,308,conf/cec/AbdullahTMM10,conf/pact/McMullanMC99,True
32,317,conf/cost/AbreuF09,conf/ijcnn/AbreuC07,True
33,343,journals/jcb/LippertMW05,conf/wabi/EdwardsL02,True
34,369,conf/vlsid/GhoshN95,conf/aina/KalapriyaNN06,True
35,376,series/synthesis/2009Mazumdar,conf/infocom/KotopoulosLM01,True
36,392,journals/corr/abs-0805-4471,conf/nime/PattenRI02,True
37,401,conf/icete/RigasA08,conf/icete/Al-OmarR08,True
38,406,journals/corr/abs-0710-4757,conf/fpl/LindosoEIL08,True
39,420,conf/aaai/Silaghi05,conf/socialcom/QinMS10,True
40,435,journals/ieicet/HanILS05,conf/acisp/HwangKLL03,True
41,443,journals/ton/FanCAKW06,conf/icra/DivelbissW94,True
42,450,journals/lre/CalhounCBMJSB10,conf/acl/GoldwaterJM08,True
43,456,conf/iwcmc/PrinzEW09,conf/lwa/StegmannKW04,True
44,471,journals/tip/GilI04,conf/ciarp/VilarinoSVMR06a,True
45,487,journals/ijrr/BrockKRS06,journals/jaciii/HarbickMS04,True
46,491,journals/puc/IacucciK02,conf/chi/PeltonenKSJIEOS08,True
47,495,conf/icdcs/DeshpandeACVM07,conf/pppj/WimmerCBCGF09,True
48,497,conf/wer/NetoGC04,journals/is/CastroKM02,True
49,508,conf/gecco/TorresRVA07,journals/fuin/CrochemoreIP03,True
50,514,journals/ipl/Vidyasankar89,conf/IEEEscc/VidyasankarKK08,True
51,524,journals/ijbra/WolstencroftAHWLSG07,conf/iat/QuinceyOKJMDASHKJS09,True
52,539,journals/tc/JanO93,journals/tvlsi/LinLJ06,True
53,540,conf/ccia/NievesOCCL07,journals/logcom/GalindoPRM05,True
54,554,conf/pam/IzalUBFHG04,conf/icmcs/RahmaniPBSH08,True
55,567,conf/icinco/NiculiuLC06,journals/thipeac/MolnosCHE07,True
56,569,conf/compsac/NetoR08,conf/coots/ReverbelM97,True
57,570,journals/tit/KoetterV03,journals/tit/HansenJK98,True
58,618,journals/tec/KazarlisPTP01,journals/fss/Theocharis06,True
59,621,conf/cloud/AmurCGGKS10,conf/iccd/KozuchWW97,True
60,631,journals/tc/VassiliadisCB96,conf/asap/GbolagadeVC10,True
61,644,journals/aepia/CeballosVGG03,conf/icc/MaccariFAG07,True
62,666,journals/corr/cs-DS-0302005,journals/iandc/AmirBF98,True
63,674,conf/issads/FernandezRVL05,conf/siggraph/Larrondo-PetrieBLLO94,True
64,695,journals/ijamc/ManzatoMG09,conf/webmedia/GuerreroM06,True
65,703,conf/parle/BriatFGK91,journals/ijhpca/YaminBASRGC03,True
66,711,journals/eccc/ECCC-TR06-008,conf/latin/HajiaghayiN10,True
67,729,conf/IEEEcit/ParkKLI07,conf/icse/InBRD01,True
68,730,journals/cogcom/TraviesoPFA10,conf/sip/Alonso-GonzalezTFF99,True
69,731,conf/usenix/YamamuraHSYNK02,journals/ar/TsurugaIISTIM01,True
70,740,journals/comcom/Peris-LopezLHT09,conf/dexaw/PalomarECR07,True
71,753,conf/mcpr/IyerKL87,conf/prdc/CioccaKKKK04,True
72,754,conf/apweb/JiangEF04,conf/apsec/AbolhassaniCFK99,True
73,755,journals/jpdc/DraperG94,conf/nocs/KangKD09,True
74,791,conf/secrypt/ClarkTMCAIS10,conf/iat/AlcaideECR07,True
75,827,conf/eds/PrietulaD86,journals/cogsci/HyderPW00,True
76,836,journals/adt/Pissaloux03,conf/iv/MaingreaudPV04,True
77,839,journals/ipl/GhodsiMMGSZ07,conf/waw/BorgsCKMRRS10,True
78,842,conf/asiams/LimTR07,journals/jrtip/WeeRT09,True
79,844,conf/iscslp/QinSLACKZ06,journals/speech/ZitouniKL03,True
80,851,journals/sigkdd/LohWO00,conf/sigdoc/GaspariniPOB10,True
81,874,conf/metrics/IrwinC03,conf/apsec/CookC03,True
82,879,conf/synasc/IonitaBC06,conf/gecco/BreabanL09,True
83,885,journals/tse/ChurcherS95,conf/apsec/CookCI04,True
84,902,journals/jfr/SibleyMS10,journals/cacm/SukhatmeM02,True
85,904,conf/ACISicis/HattoriGFBD08,conf/csmr/BittencourtG09,True
86,913,conf/iwec/RaiFD05,conf/csreaSAM/PintoKF09,True
87,915,journals/ibmrd/AlfonsecaO97,journals/entcs/JaramilloVM03,True
88,917,journals/rts/DavisBBL07,conf/icsoc/RadovanovicRLC07,True
89,918,conf/ACMdis/EricksonKLSWHE06,journals/cscw/Halverson02,True
90,934,journals/endm/HortonB05,conf/esa/BiedlDGHLPQ03,True
91,938,conf/comsware/AbbasJ06,conf/wis/LokeZJ04,True
92,957,journals/toct/BourkeTV09,journals/ijfcs/Vinodchandran05,True
93,962,conf/ccia/OrtegaCGTT02,conf/icc/MaccariFAG07,True
94,966,conf/gcb/Myers06,journals/jcb/RasmussenSM06,True
95,972,conf/er/AlbrechtAS97,books/dp/rahm2003/MeyerK03,True
96,981,journals/jgaa/SudermanW05,conf/ispan/LiestmanSS00,True
97,987,journals/tis/SrinivasanBFB09,conf/sigir/EllisFW94,True
98,994,conf/adc/HofstedePW95,conf/ifip8-1/TulinayoHP08,True
99,998,journals/tip/GilI04,journals/vlc/SanchezBVR00,True
100,1017,conf/ausai/ZaidiSS10,conf/icpr/MullerMMPS00,True
101,1024,journals/ijcga/BekkerBR09,journals/tip/JalbaR09,True
102,1042,conf/kbse/RungtaM05,conf/arvlsi/KillpackMM01,True
103,1045,conf/ccgrid/SanchesVDCG05,conf/middleware/AugustinYG05,True
104,1055,journals/winet/HuangST10,conf/nsdi/NelsonBCJRSSTX08,True
105,1064,journals/tcom/ZhangC05,journals/tcom/SongZ09a,True
106,1075,conf/date/Lopez-OngilGPE05,journals/jsa/LorenzMME07,True
107,1078,conf/asap/QiuXZSLS06,conf/vlsi/YangXO10,True
108,1089,journals/prl/AmoresI05,conf/iccbr/SalamoER09,True
109,1090,journals/ibmrd/MelcherADCCDEHLNOPRSSSTUY98,conf/chi/WangSN10,True
110,1110,journals/jodl/BullSZ04,conf/dms/GozickSP08,True
111,1121,journals/cor/DupontD02,series/sci/CoelloDJ10,True
112,1122,conf/interact/RigasA97,conf/euromicro/RigasMY01,True
113,1123,conf/hicss/Sundaresan97,conf/icde/ChungGS02,True
114,1125,conf/iros/JayenderAP07,journals/jirs/RanjbaranAGP95,True
115,1128,conf/gecon/FerrisSWFPGGAARL08,journals/bioinformatics/OinnAFMSGCGPWL04,True
116,1155,conf/visualization/KnissPILHP03,conf/siggraph/JensenDDSSP01,True
117,1157,conf/kes/KeskarKDD05,conf/kes/PalsodkarDBK07,True
118,1158,conf/wine/FlaxmanGS06,journals/rsa/DyerFFV06,True
119,1163,conf/ems/BhattacharyaKN08,conf/ems/NagarS08,True
120,1168,conf/icwe/HoubenPSCSW06,journals/dke/SampaioP00,True
121,1196,journals/ras/MullaneJAW07,conf/fuzzy/WijesomaK99,True
122,1207,conf/softerg/BrenneckeK95,conf/moreal/FloydK82a,True
123,1214,conf/iccS/CaronDDGGKOSSSZ07,conf/ipsn/BatalinS03,True
124,1220,journals/tse/ParrishZ93,conf/sigcse/ZwebenRY05,True
125,1239,conf/adhoc-now/GilaberteMGH09,conf/cdve/LloretGM08,True
126,1271,conf/iciw/OztoprakA07,conf/icip/AltunbasakTB94,True
127,1285,conf/IEEEpact/LeeSKKCSKH08,conf/tsd/ShinAH06,True
128,1286,journals/ipl/PunnenN94,conf/icc/AnejaBJCN09,True
129,1287,conf/ccgrid/CatonCORB08,journals/fgcs/GlatardSVNO10,True
130,1312,conf/ae/BachEB09,conf/gecco/KanlikilicerKU07,True
131,1323,conf/jisbd/LopezG06,conf/icc/MaccariFAG07,True
132,1328,conf/pdd/MillerM91,conf/icse/McDowellWBF03,True
133,1331,conf/cocoon/Myers02,conf/ismb/SharanM05,True
134,1340,journals/ijpp/AlmasiCCDDEGHLMNSW02,conf/pvm/AlmasiAGHMM04,True
135,1341,conf/splc/HartmannKMRTY10,journals/entcs/KaminskiM05,True
136,1343,conf/cascon/CoburnMLS93,conf/aina/ZulkernineM07,True
137,1376,journals/ki/ChristallerFKNR99,conf/colcom/SchulteDKSE09,True
138,1378,conf/icpads/ChandJM06,conf/icon/SardanaJ08,True
139,1386,conf/vlsid/GhoshN95,conf/icpp/NandyNVSC93,True
140,1401,conf/iv/EshaqTI07,conf/iv/AbidinRJA03,True
141,1405,conf/biocomp/PhanTS07,journals/ijdmb/PhanSPW10,True
142,1409,journals/mms/ChenJSWYSD10,conf/witasi/ChenHCR02,True
143,1413,conf/smc/MoghadamW09,conf/fuzzy/KodagodaWT99,True
144,1429,journals/informaticaSI/ToshniwalJ05,conf/icon/SharmaJM08,True
145,1443,conf/geoinformatics/YuCHCMY10,conf/wise/WangYL08,True
146,1450,conf/icra/ChoiR00,journals/ar/ChucVKMKLNC10,True
147,1458,journals/jsyml/BarwiseGM71,conf/tark/Barwise88,True
148,1469,journals/fuin/KuruczN00,journals/jolli/Erdelyi-SzaboKK08,True
149,1475,conf/re/JarzabekZ01,conf/csmr/KoschkeJCI09,True
150,1483,journals/electronicmarkets/Hanappi-EggerH98,conf/groupware/GartnerE93,True
151,1491,conf/ese/GuckenbiehlS90,conf/aii/Schafer85,True
152,1508,conf/adbis/AlbrechtAS97,conf/webdb/KlettkeM00a,True
153,1519,journals/corr/cs-LG-0408007,journals/ton/YuKGF08,True
154,1530,conf/vr/AllisonHJJZ01,conf/ijcai/DudekJMW93,True
155,1542,journals/neco/BengioLNB95,conf/emnlp/GaoWBSSKSZ09,True
156,1544,conf/RelMiCS/DuntschOR03,conf/modelage/Dunin-KepliczR97,True
157,1545,journals/tit/PopovicSF02,journals/ieicet/MatsufujiF09,True
158,1555,conf/tfcv/Roerdink02,conf/vissym/CaatMR05,True
159,1561,journals/tse/ChinR87,journals/bmcbi/YangPLYCC10,True
160,1562,conf/ozchi/LucaWH07,conf/ecmast/HussmannHPTVZ97,True
161,1564,conf/saci/BaniasPC09,conf/saci/PlastoiC09,True
162,1565,journals/eswa/OrtizC10,conf/iberamia/GarzaCA02,True
163,1568,journals/pieee/HorowitzLMKSS03,conf/cdc/VaragnoloCSS08,True
164,1576,journals/networks/LucenaB98,journals/bioinformatics/BeasleyP07,True
165,1583,conf/eurocast/CabreraASGT09,conf/icb/Faundez-ZanuyFTE06,True
166,1585,journals/tog/GaudetHCC88,conf/cscwd/RichardsCDBH01,True
167,1590,conf/kes/KailingKS04,conf/kdd/SarangiM10,True
168,1600,journals/jss/BurdM98,conf/icalt/AlAghaB09,True
169,1601,conf/icits/GaziM09,journals/tit/ImaiHMZ08,True
170,1622,conf/cidr/BlunschiDGKS07,conf/aaai/KarakashianWRCB10,True
171,1627,conf/isca/BiswasFSDSC09,conf/pacs/OliverRSCCJCKAC03,True
172,1628,conf/icai/PoloRO10,conf/icai/CastilloCJDO03,True
173,1657,journals/tog/TaiBTS08,conf/dagstuhl/GrossMSS07a,True
174,1662,journals/vlc/RiederRP10,conf/cscwd/FuksRBMSCGL09,True
175,1665,conf/hci/ZaharakisK07,journals/puc/MavrommatiK03,True
176,1672,journals/corr/cmp-lg-9607023,conf/acl/LeeJL08,True
177,1673,journals/jcsc/VinodP00,conf/iscas/OliverSMV05,True
178,1677,journals/ijns/Meir91,journals/tit/MaiorovM01,True
179,1683,journals/cga/JuurlinkACCV08,conf/iscas/ChaohongCJ04,True
180,1721,conf/icdcs/StompR87,conf/birthday/RoeverLM10,True
181,1727,journals/corr/cs-DB-0310006,conf/mir/Lesk07,True
182,1755,journals/corr/cs-AI-0411071,journals/cviu/KjellstromRK11,True
183,1759,journals/lre/ChaLL02,conf/acl/LeeJL08,True
184,1772,journals/pvldb/PandaHBB09,conf/ictai/BrowneEGMMBCGHHOTWW94,True
185,1773,conf/ectel/GarrotGP07,journals/corr/abs-1010-2138,True
186,1787,conf/seke/SilvaAAMC08,conf/icse/LucenaSGRCAC03,True
187,1792,conf/accv/LiHZL09,journals/mms/ZhangZLMZ06,True
188,1808,journals/jss/TripathiKASPKVP02,journals/tse/PerryRT00,True
189,1851,conf/gi/DittrichKML84,journals/ife/WeikumWDMW97,True
190,1900,conf/geoinformatics/YuCHCMY10,conf/eextt/LvWYYLS02,True
191,1904,journals/cvgip/LiSBG92,journals/jal/ThanhAB86,True
192,1905,journals/jocn/MechelliCLFRPMP05,journals/cogsci/McClellandWDS10,True
193,1911,conf/podc/AttiyaFK04,conf/icdcn/EllenSW06,True
194,1912,conf/dexa/HungMGWJ93,conf/policy/BoughtonMPH06,True
195,1916,journals/rti/SlabaughSH03,conf/miccai/BalochMFASZF10,True
196,1918,journals/sigplan/McDowellB98,conf/iticse/HanksMDK04,True
197,1920,conf/chi/VaucelleJ02,conf/interact/VaucelleI07,True
198,1966,journals/paa/ChongRM03,conf/jcis/PalaniappanR02,True
199,1984,conf/icra/TrejosLENP10,conf/icra/KermaniPM05,True
200,2007,journals/aim/WalkerKH88,conf/sigcse/MusicantKBW07,True
201,2010,journals/pr/WunschL95,journals/tmi/AngeliniLTHH01,True
202,2013,conf/oopsla/FraserBJKMMT09,conf/hpdc/KeaheyFM01,True
203,2014,conf/vlsid/MandalCG97,journals/tcad/MohanC96,True
204,2025,conf/fqas/PuenteSO09,journals/ijar/OlivasGR03,True
205,2032,conf/icn/FajardoPM08,conf/icas/FajardoLB09,True
206,2040,journals/prl/Pavlidis92,journals/pami/ChenLP91,True
207,2049,journals/tsp/SekharS05,conf/isbi/SeelamantulaPDU09,True
208,2064,conf/secrypt/JoshiP08,conf/artcom/PaisDRP09,True
209,2069,conf/iscis/KaldirimEEY09,conf/evoW/UyarU09,True
210,2079,conf/ppsn/MattfeldKB94,journals/ijdmmm/EhmkeMEM09,True
211,2107,conf/ccgrid/MoreauMGGDAACRFGGGLLLLMOPPRRRRSSSWWW03,conf/iscas/ThamvichaiBR03a,True
212,2118,journals/tpds/CarraCB08,conf/p2p/DuminucoB08,True
213,2125,conf/iswc/NarayanaswamiR00,conf/chi/WangSN10,True
214,2127,conf/ecai/Imbert98,conf/hci/FerreAIM09,True
215,2132,journals/twc/AtapattuTJ10,journals/tcom/AnnamalaiTB05,True
216,2135,conf/trec/RobertsonWZ01,conf/riao/RitchieRT07,True
217,2146,journals/cviu/NegahdaripourK00,conf/miar/LiaoTSPK10,True
218,2149,conf/webi/Muller-BirnLJ09,conf/group/MullerWH10,True
219,2150,journals/aim/Yeap97,journals/corr/abs-cs-0504071,True
220,2156,conf/ercimdl/CraneBCJMPSW06,conf/kdd/SculleyMBB09,True
221,2178,journals/debu/Eich85,journals/tkde/ChenD98,True
222,2188,journals/cacm/SimonsH05,conf/tapsoft/Horning85,True
223,2216,conf/atal/BerryABCNPPSTUY06,conf/atal/VincentBAOW03,True
224,2222,conf/coopis/DragutL04,conf/webi/DragutFYM09,True
225,2224,conf/icdm/AnalouiMR07,conf/amt/BeigiPMM10,True
226,2229,conf/dsd/RyuSM01,conf/date/KuacharoenMM03,True
227,2231,conf/pdpcs/SundaresanG95,conf/cikm/ParikhS08,True
228,2232,journals/tsmc/MastorocostasT02,journals/pr/MoustakidisT10,True
229,2256,journals/cleiej/SouzaC04,conf/dexaw/Ribeiro-JustoPC98,True
230,2257,conf/icwn/SampalliRTSRGAN10,journals/ijhsc/DemaineS96,True
231,2259,journals/ijon/McLeanOG04,journals/neco/GrahamW99,True
232,2266,journals/nar/KanehisaGHAIKKAH06,journals/sigmod/AokiUYAKM04,True
233,2278,conf/cidr/IvesKKC05,journals/eswa/GuvenirC10,True
234,2281,journals/tplp/OsorioC07,conf/conielecomp/EiseleRGG04,True
235,2284,journals/ijsr/MohanWCZ09,conf/iros/LeeWG06,True
236,2292,journals/bc/HenisF95,conf/im/BreitgandGHS09,True
237,2296,conf/sigmod/CaiDHLM05,journals/pvldb/DongBHS10a,True
238,2299,conf/webnet/Gallego-FernandezDP00,conf/sac/DollerSKTD10,True
239,2304,conf/eurogp/WalkerM07,conf/evoW/VolkMS09,True
240,2313,journals/concurrency/TuminaroSH98,journals/ijhsc/BarszczCJT89,True
241,2319,conf/cp/Rojas96,conf/sbia/CastroMR04,True
242,2321,conf/cscwd/PozzerLRV05,conf/isvc/LoaizaRG07,True
243,2326,journals/tit/LingWLK07,journals/ieicet/MuralidharLG09,True
244,2339,conf/recomb/Myers99,conf/ismb/EdgarM05,True
245,2372,journals/dt/SemiaoRRPVSTT08,conf/patmos/DiasSLBP08,True
246,2382,conf/interworking/GordonD02,journals/winet/MahajanDL98,True
247,2434,journals/ce/ManginaK08,conf/cse/AyoolaP09,True
248,2440,conf/cases/AkgulLM01,conf/date/RyuM03,True
249,2446,journals/wicomm/JayalathT02,journals/tcom/AnnamalaiTB05,True
250,2459,conf/icde/CheungYCKN05,conf/vldb/FuC94,True
251,2463,conf/fossacs/Abraham-MummBRS02,journals/scp/Roever10,True
252,2465,journals/dm/Flaxman04,journals/im/FlaxmanFV07a,True
253,2467,journals/jsyml/Barwise72,journals/jsyml/BarwiseB99,True
254,2475,conf/cec/PeraltaGS09,journals/prl/MorenoM08,True
255,2484,journals/neco/LowLA05,conf/icra/YangKA99a,True
256,2496,journals/trob/RyewC01,conf/iros/LocRKTKMCP09,True
257,2506,journals/rsa/McGeochT95,conf/dac/TygarE85,True
258,2530,journals/aepia/GascaOT00,conf/icc/MaccariFAG07,True
259,2541,journals/debu/MarchMPRCBR84,journals/hf/PrietulaFM00,True
260,2543,journals/ieicet/LeeW07,journals/ett/ChlamtacFW00,True
261,2551,conf/coordination/ArbabCMMMV09,journals/orl/OlsenM05,True
262,48,journals/ijaci/MontoroHA10,conf/ecai/AlamanAPZ92,True
263,110,conf/p2p/HughesWL07,conf/ftdcs/HughesWC04,True
264,197,journals/jot/BreuelR08,conf/coots/ReverbelM97,True
265,198,conf/isaac/KaoLST00,conf/cocoon/HungT06,True
266,331,conf/ht/HeathHCW99,conf/doceng/WongCWS06,True
267,473,conf/euc/CourbotGVS05,journals/iandc/LatteuxS97,True
268,512,journals/entcs/Plasmeijer95,conf/cefp/KoopmanP05,True
269,527,journals/gpb/LiuWTLSMCHY08,journals/bmcbi/WeirauchWBS08,True
270,593,conf/acisp/LvH05,conf/scn/LuLK06,True
271,594,journals/tsmc/LamS07,journals/tsmc/LingICLYL08,True
272,645,journals/siamsc/ElmanHSST06,journals/ijhsc/BarszczCJT89,True
273,659,journals/tec/SomaniCP07,conf/iccad/RoyDBDC05,True
274,686,conf/icra/ChoiR00,conf/iros/RohKLMC08,True
275,736,conf/iwann/OrtegaGPMPA09,journals/tcs/CasesM05,True
276,739,conf/cata/ShimSKP04,conf/cata/ShinSG98,True
277,898,conf/icse/JarzabekBZZ03,conf/euromicro/Jarzabek01,True
278,905,journals/jmm/PrinzBW09,conf/mms/MuheWG09,True
279,955,conf/chi/SporkaKMS07,journals/psychnology/Sa-nga-ngamK06,True
280,1058,conf/icde/ThonangiHDWY09,conf/alt/ThonangiP05,True
281,1076,journals/corr/abs-0710-4757,journals/jsa/LorenzMME07,True
282,1086,journals/eor/SikoraP07,journals/dss/SikoraS08,True
283,1141,conf/sc/HeadGEZ06,conf/seafood/DattaE08,True
284,1187,conf/icac/TripathiKKOTAJD04,journals/ieeecc/Tripathi99,True
285,1241,conf/icra/ChenB06,conf/iccv/BirchfieldT98,True
286,1319,conf/fgr/SidenbladhTB00,conf/icinco/WangDDK07,True
287,1322,conf/waf/HernandezLDI06,conf/ibpria/SantanaLDIF05,True
288,1333,conf/fmcad/Hanna98,conf/ifl/Hanna05,True
289,1411,journals/bioinformatics/StepanovaTSB05,conf/icmla/WojtusiakMSB07,True
290,1452,journals/talg/Farach-ColtonFM09,journals/siamcomp/FarachT97,True
291,1507,conf/focs/BalcanB05,conf/icip/KavallieratouBPF01,True
292,1592,conf/icip/RocheryJZ04,journals/pami/SrivastavaJ09,True
293,1674,journals/ipl/ChenYYKOF92,journals/dke/XuT97,True
294,1701,journals/ijsr/MohanWCZ09,conf/iros/DongWS07,True
295,1876,conf/wcre/DaveyB00,conf/ht/AlAghaB09,True
296,1878,journals/cmot/TsvetovatC07,journals/aai/TsvetovatyyGMW97,True
297,1908,journals/automatica/LygerosTS99,journals/cviu/YangWMS08,True
298,1958,conf/ssr/CheongJ99,conf/euromicro/Jarzabek01,True
299,2092,conf/ccs/MaurerT10,conf/podc/LucasRM10,True
300,2185,conf/f-egc/ComanZ06,conf/ciarp/ScuturiciCZ03,True
301,2209,conf/caip/DitrichS07,conf/visapp/PlatzerDSNW09,True
302,2324,conf/lcn/StrayerMWHHGSSMKZ09,conf/ws/PartridgeCJKSS02,True
303,2341,journals/speech/ErkelensJH07,conf/icassp/JensenCEJ08,True
304,2363,journals/wi/BrenneckeEKS97,conf/ncm/KeilSD09,True
305,2387,journals/dsonline/Zenil02,journals/dsonline/Chavez03,True
306,2538,conf/semweb/Gruber06,journals/computer/CutkoskyEFGGMTW93,True
307,351,journals/tip/GilI04,conf/ciarp/PujolRVM04,True
308,873,conf/sicherheit/BecherF08,conf/flairs/MantelG00,True
309,1243,conf/icnc/YooLPKLJ05,conf/hci/JangCJC07,True
310,2196,journals/siamdm/FichKPR05,conf/wdag/BrodskyEW06,True
311,2329,journals/ijcia/GrewalW03,conf/ppopp/CarterGG10,True
312,2407,journals/expert/Cantu-Ortiz03,conf/fmcad/CantuBSB96,True
313,2417,journals/pr/ChongRM04,conf/jcis/PalaniappanR02,True
314,620,conf/ibpria/KeysersPVN03,conf/icpr/MesserKSHKCMBSCVMLSCPVBSWYHHHMTMWWXMYFDLGSPR04,True
315,1171,journals/jfr/LiuAWG05,journals/ijrr/KalyanLW10,True
316,2557,journals/njc/LamST96,conf/wia/PengT04,True
317,2565,journals/pc/Kalamboukis92,conf/sigir/KyriakopoulouK07,True
318,2585,conf/stacs/DuttingHW10,journals/jcss/HenzingerKRS97,True
319,2586,journals/jacm/BalcanB10,conf/icip/KavallieratouBPF01,True
320,2614,journals/tpds/MisraM10,journals/tcad/KarfaSMK08,True
321,2616,conf/kes/ZwaagSS03,journals/vlsisp/BentumSS95,True
322,2632,conf/icdcs/CunhaM81,conf/sac/RosaJC01,True
323,2655,journals/appml/BalbuenaGMV07,journals/dm/BalbuenaCFF97a,True
324,2675,conf/iv/ReitsmaD10,conf/trec/RuizDS99,True
325,2684,conf/seta/TangUF04a,journals/tit/ChenFF92a,True
326,2688,conf/itc/AgrawalBD96,conf/itc/VogelsZDBMBNFHGMRT04,True
327,2694,conf/micai/EstradaAO10,conf/conielecomp/RodriguezREGG05,True
328,2703,conf/cg/HendersonH08,journals/algorithmica/KearneyHM99,True
329,2724,journals/jucs/WulfKSIMPFNH99,conf/chi/PeltonenKSJIEOS08,True
330,2732,conf/soda/ShahF01,journals/jcb/Farach97,True
331,2737,conf/icdim/BasaeedBBZ07,conf/europar/DelaitreZVJBSSRW98,True
332,2740,journals/ec/EmmerichGS01,conf/evoW/EggermontLBMELBDR08,True
333,2749,conf/cloud/AmurCGGKS10,conf/spaa/RuwaseGMRCKR08,True
334,2751,journals/siamcomp/HwangHW05,journals/siamcomp/DuH92,True
335,2757,journals/pr/LeeLY97,conf/naacl/KimSL05,True
336,2769,conf/appinf/PajaresELPG99,journals/titb/MorilloOFJ10,True
337,2806,journals/ieicet/HwangLL08,conf/asiacrypt/SungLLHP00,True
338,2817,journals/heuristics/GarridoR10,journals/nca/RiffZM10,True
339,2821,conf/alenex/PhanSS02,journals/bmcbi/Phan09,True
340,2827,conf/imf/FreilingS07,journals/jetai/MantelG00,True
341,2866,conf/hicss/WuITIT03,journals/cacm/ManteiT88,True
342,2875,journals/tit/KiranR05,journals/corr/abs-1010-1163,True
343,2881,journals/bmcbi/DEliaGEKMKB09,journals/bmcbi/SbisaCGLTLPGCDNTSG07,True
344,2909,conf/spaa/DemaineGHSZ07,conf/waw/BorgsCKMRRS10,True
345,2928,conf/gbrpr/DickinsonBDK03,journals/winet/MahajanDL98,True
346,2930,conf/ijcnn/GuyonADB06,conf/eccv/SaffariLGB10,True
347,2937,journals/ton/FanCAKW06,journals/tase/PotsaidFW09,True
348,2948,conf/icarcv/ZhangYJH06,journals/jkm/AjmalHK10,True
349,2953,conf/eurocast/HernandezCNDI07,conf/dagstuhl/Cabrera-GamezDH00,True
350,2956,journals/corr/abs-1004-1227,conf/dmin/FahimSSTR09,True
351,2959,journals/ijon/LiHWZ10,conf/webi/ZhangZY03,True
352,2960,journals/concurrency/FoxG06,journals/tpds/RankaWF94,True
353,2967,journals/pcs/LizorkinL05,journals/pvldb/LizorkinVGT08,True
354,2974,journals/corr/abs-0909-2934,conf/colt/DesyatnikovM03,True
355,2976,conf/nips/SmolaVE03,journals/pr/VishwanathanM00,True
356,2985,conf/springsim/MittalRZ07,conf/gecco/ColmenarRAGHL10,True
357,2987,conf/wer/RamosC05,conf/re/PaimC03,True
358,2988,journals/simpra/ChoLCSLM10,conf/indocrypt/CheonLLL00,True
359,3000,conf/pdp/LarreaFA02a,conf/wdag/AntaMMZ10,True
360,3014,journals/tcad/WeiD08,conf/codes/ElesPD94,True
361,3018,journals/jcns/GutkinER03,journals/jcns/KarbowskiE04,True
362,3024,journals/ijfcs/Sellink98,conf/csmr/BrandSV98,True
363,3027,journals/cgf/GibsonH97,conf/smi/FriskenP05,True
364,3034,conf/europar/KreahlingWBYUE03,journals/toit/Engelen08,True
365,3036,conf/avss/BuddharajuPT05,journals/ivc/PavilidisB03,True
366,3040,conf/ai/Holte01,conf/dl/MartinH98,True
367,3042,conf/arith/Hasan01,journals/tdsc/Dominguez-OviedoH09,True
368,3043,journals/fss/RadzikowskaK02,journals/jancl/Radzikowska96,True
369,3045,conf/icde/Amer-YahiaFL07,conf/fsttcs/Lakshmanan89,True
370,3097,conf/qosa/MeedeniyaBAG10,conf/sigsoft/VarekovaZ07,True
371,3105,journals/siamdm/Sarangarajan97,conf/comsware/AravamuthanT07,True
372,3121,journals/pr/ShihL98,journals/pr/ChuangS06,True
373,3123,conf/compimage/MohamedHG10,journals/jmiv/HamzaLMR99,True
374,3137,journals/toms/Hill81c,journals/cj/Hill79,True
375,3143,journals/wicomm/FanLP03,conf/ieaaie/KuoHKLF07,True
376,3147,conf/appinf/PalauGEPLL99,journals/titb/MorilloOFJ10,True
377,3150,conf/slp/DixO97,conf/conielecomp/RodriguezREGG05,True
378,3163,conf/eccv/OlabarriagaBN04,conf/sibgrapi/SilvaODS01,True
379,3166,conf/micai/SanchezSVOR05,conf/micai/PerezPSRC00,True
380,3168,conf/ccs/ButlerMM07,conf/acsac/LootahEM05,True
381,3169,journals/ipl/ScholefieldZ92,journals/csur/HieronsBBCDDGHKKLSVWZ09,True
382,3174,journals/comcom/Peris-LopezLHT09,conf/iscc/MaciaDE05,True
383,3185,conf/eatis/SalgueiroCSM08,conf/ipps/RosaJC00,True
384,3193,conf/mobisys/CaceresCNR05,conf/www/CoffmanSNZ10,True
385,3194,conf/sas/Hamilton92,journals/computer/BreretonBH98,True
386,3198,conf/ches/WuHB99,journals/tc/FanH06,True
387,3202,conf/ijcai/ZhangSHSF09,conf/atal/BowlingRBBBDHHJKPSSSWZ09,True
388,3207,conf/afp/EekelenP95,conf/cefp/PlasmeijerA05,True
389,3216,journals/cacm/SimonsH05,journals/fmsd/SaxeHGG93,True
390,3221,conf/stacs/Goubault94,journals/iandc/VermaG07,True
391,3225,conf/aaai/AcarSRRBMC99,conf/aaai/KoesNS05,True
392,3227,conf/spdp/DraperGA91,conf/nocs/KangKD09,True
393,3230,conf/cvpr/LiHZZZC08,conf/icpr/YaoZ04,True
394,3235,conf/mdafa/KalninsBC04,conf/ershov/Barzdin72,True
395,3247,conf/iberamia/RosatelliSC02,conf/its/SilvaR06,True
396,3254,journals/micro/UnsalTBDVGE06,conf/iccad/MitraITT08,True
397,3257,conf/ram/FariaRPI04,conf/ijcnn/SilvaPR09,True
398,3284,conf/icip/AndreopoulosZLSSGC01,conf/islped/MasselosDCGD99,True
399,3292,journals/cn/MeloF05,conf/icc/BatistaFGK07,True
400,3296,conf/sac/DattaE06,journals/concurrency/EngelenGW06,True
401,3321,journals/tfs/AndersonLK08,journals/arobots/SkubicABPS07,True
402,3339,journals/tcs/BerardCHLR08,journals/ijdmb/AhmadR10,True
403,3342,journals/ieeesp/Lesk10,conf/isips/KantorL08,True
404,3346,journals/ras/MullaneJAW07,conf/icra/WijesomaLG05,True
405,3351,journals/siamcomp/ReifT88,conf/ccs/KarlofSTW07,True
406,3380,journals/bioinformatics/WestenbergRKH10,journals/pr/TuzikovRH00,True
407,3382,journals/dcc/DeyR05,journals/corr/abs-0804-2998,True
408,3404,conf/pcm/LiuP05,conf/icmcs/ZhangP08,True
409,3414,journals/jcp/TsoS06,conf/gi/PaulheimDTPZ09,True
410,3418,conf/vlsid/GhoshN95,conf/ic/KalapriyaRLN03,True
411,3421,journals/jcns/GrahamLM06,journals/siamcomp/CorneilG73,True
412,3431,conf/acisp/LenstraW05,journals/moc/StroekerW99,True
413,3437,conf/icc/LiZ08,conf/icc/SongZ07,True
414,3438,conf/models/MaderC10,journals/electronicmarkets/Maeder95,True
415,3447,conf/trec/SculleyWB06,conf/kdd/SculleyMBB09,True
416,3448,conf/date/KarthikeyanN97,conf/aina/KalapriyaNN06,True
417,3462,journals/toms/CrozNRT81a,journals/toms/ReidS09a,True
418,3463,conf/biostec/StanescuBBSI09,conf/cisis/UdristoiuI10,True
419,3479,conf/mva/Blackburn92,conf/iwmm/BlackburnM02,True
420,3489,conf/hicss/MarsicKDT02,conf/hci/FriedlanderSM97,True
421,3499,conf/icip/GuT99,conf/iccvg/GuAV08,True
422,3500,conf/patat/BeyrouthyBSMMP06,conf/pds/MilliganSMC96,True
423,3546,journals/pr/ShihP92,journals/cad/BlackmoreLS94,True
424,3547,journals/uais/KurniawanEA02,conf/hci/Sa-nga-ngamK07,True
425,3552,conf/iwann/Garcia-HerranzHA09,conf/hci/Moreno-LlorenaRP09,True
426,3571,journals/jss/EkelhartFGSW08,conf/ccs/HuberMSW10,True
427,3577,conf/kgc/Goubault93,journals/dmtcs/VermaG05,True
428,3595,conf/er/BerkersGHW01,conf/iceis/BeestSW10,True
429,3601,journals/dm/OxleyW00,journals/siamcomp/DowneyFVW99,True
430,3605,conf/pdpta/DiabD02,journals/ijpp/Damaj07,True
431,3607,conf/micai/PNLO06,conf/micai/GarzaCA02,True
432,3621,conf/icai/AkamaMIB02,journals/nar/AffaraFMKMCJGMB86,True
433,3636,conf/sc/Santos-NetoK06,journals/concurrency/KeaheyWLLM04,True
434,3665,journals/ml/Servan-SchreiberCM91,journals/cogsci/McClellandWDS10,True
435,3666,conf/nips/MovellanM99,journals/cogsci/McClellandWDS10,True
436,3669,journals/bioinformatics/SacanTF08,journals/eswa/TorosluY05,True
437,3683,conf/ai/AnCH01,journals/sigir/LupuHZT09,True
438,3684,journals/sttt/BeyerJKLP06,conf/lpar/KroeningLR10,True
439,3687,journals/tvcg/EvertsBRI09,conf/vissym/CaatMR05,True
440,3709,conf/nldb/FerrandezP05,conf/esslli/Cortes99,True
441,3720,journals/prl/JourlinLGW97,conf/trec/JohnsonWJJ99,True
442,3726,journals/cacm/SimonsH05,conf/isips/Horning08,True
443,3744,conf/oorase/CostaDPSBC99,conf/eatis/GomesCG08,True
444,3748,conf/icra/OtaYIAA99,journals/ibmrd/HarrerPWBSYACK02,True
445,3758,journals/tcad/KayP98,conf/iccd/MarculescuMP04,True
446,3768,conf/miccai/SundarKYX09,conf/cvpr/ZikicKN10,True
447,3770,conf/ismir/MandelE05,journals/tsp/AthineosE07,True
448,3772,journals/jifs/MajumdarM07,conf/iciap/SahaM97,True
449,3784,journals/network/ChenFHS09,conf/ws/PartridgeCJKSS02,True
450,3785,conf/imr/QuadrosRPG00,journals/cad/SubramaniNG04,True
451,3787,journals/jss/TripathiKASPKVP02,conf/icpp/HamnesT95,True
452,3792,conf/bpm/BhattacharyaGHLS07,conf/IEEEscc/AnJG06,True
453,3796,conf/ifsa/ValdezSCG07,series/sci/ValdezML09,True
454,3807,conf/icse/JarzabekZLXS09,conf/csmr/KoschkeJCI09,True
455,3819,conf/adhoc-now/AhmadTB06,conf/icwn/RamaswamyM10,True
456,3822,journals/aim/Yeap97,conf/iv/YeapRMH05,True
457,3827,conf/ecai/IglesiasLSK08,conf/appinf/Alonso-WeberGM03,True
458,3832,conf/hipc/ChandJM04,conf/dasfaa/TapaswiJ04,True
459,3835,conf/btw/HohensteinJ09,conf/icws/JaegerMG05,True
460,3836,conf/gi/HashagenK99,conf/delfi/KeilDS09,True
461,3863,conf/hpcn/BlobelPR99,conf/mie/Blobel06,True
462,3876,conf/ACMace/YagiEITSICOI09,journals/jvca/UekiI08,True
463,3886,conf/iceis/AlchorneNAMV10,conf/icsoft/OliveiraVG07,True
464,3897,conf/icra/KimKLC05,conf/iros/RohKLMC08,True
465,3899,journals/ijmso/GoumopoulosKC09,journals/jsa/PapadimitriouKP93,True
466,3918,conf/tacas/Orozco-BarbosaMG98,conf/cnsr/NezhadMM08,True
467,3929,journals/corr/abs-0805-4471,conf/ACMace/PattenRI06,True
468,3941,journals/jwe/MusaO05,conf/bda/AdibaQO85,True
469,3947,conf/icarcv/HoPMMG04,journals/ijdcf/ZhaoHS10,True
470,3949,journals/ijnsec/LiS08a,conf/iwan/LabonteS00,True
471,3964,conf/nanonet/AyalaSPAL09,conf/glvlsi/CuestaAHPAM10,True
472,3969,conf/vlsid/GrewalW97,conf/ppopp/CarterGG10,True
473,3974,journals/hf/LacherezSS07,journals/hf/WatsonS07,True
474,3983,conf/ifip5-3/BastosOO98,conf/sigdoc/GaspariniPOB10,True
475,3994,conf/stoc/FeigeHL05,journals/corr/abs-cs-0502070,True
476,4007,conf/wcre/BurdM97,conf/ht/AlAghaB09,True
477,4017,journals/dm/McDiarmid00,journals/rsa/McDiarmidR06,True
478,4031,conf/gecco/LungD07a,conf/gecco/IclanzanD08a,True
479,4035,journals/jei/BianconiFGA09,conf/nca/AntaGM08,True
480,4043,journals/ieeesp/McDanielM09,conf/discex/IrrerPM03,True
481,4047,conf/vlsid/ShrivastavMRVAFHE01,journals/mr/CapodieciWSSE05,True
482,4059,conf/cars/OlabarriagaNB03,journals/bmcbi/LuyfSVBKO10,True
483,4060,conf/eurongi/YusteTTCE08,conf/iwcmc/LuqueMC10,True
484,4071,conf/sac/JangSSH05,conf/cata/ShimG01,True
485,4080,journals/ijim/BasaeedBZB07,journals/paapp/PapayAZN96,True
486,4085,journals/corr/abs-0803-2995,journals/jitech/CleggS07,True
487,4087,conf/icra/BandyopadhyayLAH06,conf/icra/NgPA01,True
488,4105,conf/miccai/KhameneS05,conf/miccai/ZikicBKN10,True
489,4106,conf/ACMace/YagiEITSICOI09,conf/ACMace/NiwaTI08,True
490,4109,journals/ieicet/BademWFK09,conf/iscas/FernandoCB99a,True
491,4110,conf/vtc/DharmawansaRT07,journals/tcom/GaoCNT08a,True
492,4116,journals/ipl/AurenhammerDK06,journals/siamcomp/DrysdaleY75,True
493,4127,conf/aspdac/LeeM05,conf/lctrts/PalemRMKP02,True
494,4133,conf/cisc/LiaoXQHR05,conf/vtc/DengRLYY08,True
495,4135,journals/asc/PengTYZH09,conf/isnn/QiaoTDZZ08,True
496,4137,conf/ic3/PatilJT10,conf/isip/SardanaJ08,True
497,4149,conf/ht/CrowderSWG01,journals/ras/Dominguez-LopezDCH04,True
498,4161,journals/concurrency/EugsterBGS01,conf/dics/ArslanENV06,True
499,4166,conf/stoc/KannanL80,journals/combinatorica/FriezeK99,True
500,4169,journals/jcns/LyE09,journals/siamam/YewTE01,True
501,4182,conf/lcn/StrayerMWHHGSSMKZ09,conf/discex/StrayerJTSSCCP03,True
502,4184,conf/ijcai/GeorgeffI89,conf/dsn/LussierGGIKP07,True
503,4185,conf/itcc/Minaei-BidgoliTP04,conf/ike/TaghikhakiMM08,True
504,4197,conf/ijcai/Ternovskaia99,conf/lpnmr/DeneckerT04,True
505,4199,conf/icra/CrowderDCW99,conf/semweb/JadhavWWCS07,True
506,4214,journals/tcs/Moll76,conf/stoc/KrishnamurthyM81,True
507,4225,conf/ecscw/IacucciW03,conf/mum/PeltonenSJIASB07,True
508,4230,conf/eScience/OlabarriagaBMBSNB06,journals/bmcbi/LuyfSVBKO10,True
509,4237,conf/huc/RachuriMMRLA10,conf/hipc/VupputuriRM09,True
510,4243,journals/jcns/PaninskiAFKRVVW10,journals/tnn/VogelsteinMVC07,True
511,4246,conf/aimsa/MassoneM84,conf/iros/MohanZMM09,True
512,4247,journals/rti/SalcicS99,conf/date/SinhaRBS09,True
513,4252,conf/isvc/HernandezP06,conf/icai/HormazabalEBG09,True
514,4256,journals/constraints/MearsBW09,conf/iclp/DemoenBHMS99,True
515,4265,journals/entcs/JungMV08,conf/amast/HillV04,True
516,4281,conf/geoinformatics/YuCHCMY10,conf/dasfaa/YangYLK10,True
517,4287,conf/focs/Kannan09,conf/focs/KannanL96,True
518,4292,journals/nar/Glez-PenaGPF09,journals/tsmc/Fernandez-RiverolaDC07,True
519,4294,journals/eor/BeasleyMC03,journals/dam/PlanesB09,True
520,4297,journals/entcs/KumarMB09,conf/icse/RungtaM10,True
521,4299,journals/apal/Luttik03,journals/jlp/BaetenL06,True
522,4326,journals/endm/HortonB05,conf/imc/HortonL03,True
523,4329,conf/sigcse/ButlerEW88,conf/cade/ButlerLMO86,True
524,4330,conf/acg/BleicherH09,conf/cidm/FattaHR09,True
525,4331,journals/rts/LimeR09,journals/ijdmb/AhmadR10,True
526,4332,journals/prl/Pavlidis03,journals/pami/LeeP88,True
527,4346,conf/dexa/HungMGWJ93,conf/cdc/MartinCE08,True
528,4347,conf/icsnw/HessIO04,conf/orm/EdelweissOCPMP94,True
529,4348,conf/aiml/Kurucz00,journals/jolli/Erdelyi-SzaboKK08,True
530,4359,conf/icchp/DiggleKEB02,journals/interactions/Kurniawan07,True
531,4374,conf/aspdac/LeeM05,conf/paste/AkgulM02,True
532,4390,conf/stoc/JayramKS03,journals/jcss/SinhaT97,True
533,4392,conf/compsac/BurdM98,journals/sigcse/CumminsBH09,True
534,4396,conf/trec/SculleyW07,conf/kdd/Sculley07,True
535,4401,journals/corr/abs-cs-0505023,conf/amast/SutreFRC98,True
536,4407,conf/asap/GalanisDG05,journals/vlsisp/MasselosCGM04,True
537,4416,conf/mmm/SantosCSS98,conf/la-web/SantosNT05,True
538,4419,journals/prl/DemirA05,conf/icpr/TosunSD10,True
539,4434,conf/wer/BastosC03,conf/cibse/SilvaAMC07,True
540,4440,journals/isci/RabasedaRS96,conf/dolap/MessaoudRBM06,True
541,4442,conf/pdpta/TjiongL08,conf/imsa/JarnikovSL05,True
542,4450,conf/mata/GilGD03,conf/dexaw/TejedorGFLPMGOMCC07,True
543,4451,conf/acl/LiuCJ07,journals/kbs/SunC07,True
544,4462,conf/ncm/Minaei-BidgoliR08,conf/ike/TaghikhakiMM08,True
545,4475,conf/smc/BabbM07,conf/gecco/Babb10,True
546,4483,conf/percom/GallaisCSS06,journals/tcs/Simplot99,True
547,4504,journals/fuin/Laird05,conf/galop/Laird05,True
548,4518,conf/eurocast/HernandezCNDI07,conf/eurocast/Fernandez-PerezDHC05,True
549,4524,conf/hci/AkessonE07,conf/hicss/RoussinovCI07,True
550,4541,conf/riao/PsarrasJ07,journals/ijcat/PatlitzianasPFP05,True
551,4558,conf/eccv/GallYG10,journals/jmiv/GallPSRS07,True
552,4563,conf/sigmetrics/DeyKTKG93,conf/ftcs/SinghK92,True
553,4574,journals/amai/ReindersPN94,journals/aicom/ReindersVVABBBDHKKSW91,True
554,4579,journals/eik/Wiedermann89,conf/ecal/Wiedermann05,True
555,4593,conf/sac/CobosA02,conf/ipmu/Aguilar-CrespoPA92,True
556,4609,conf/mobihoc/BredinDHR05,conf/latin/BateniH10,True
557,4612,conf/icse/JarzabekBZZ03,conf/csmr/KoschkeJCI09,True
558,4631,conf/iccbr/AuriolCMRK99,conf/pakm/WongCSW06,True
559,4636,journals/jvcir/SongLCRL10,conf/icip/ZongML97,True
560,4642,conf/asap/AyalaLVL03,conf/glvlsi/CuestaAHPAM10,True
561,4646,conf/mir/LouiLCEJKLY07,journals/speech/Ellis99,True
562,4667,conf/cars/BummIDVBNW04,conf/miccai/FreysingerHGBVMAESAKGTL98,True
563,4668,journals/pr/ShihP95,journals/pr/ShihC05,True
564,4675,conf/cata/GantenbeinKSS04,conf/caine/ShinSB02,True
565,4676,journals/apal/OsorioPA05,journals/logcom/GalindoRC08,True
566,4681,journals/corr/abs-0805-0510,conf/ica/MitianoudisD04,True
567,4682,conf/bda/BouzeghoubCV88,conf/dbkda/MouzaMLAACFC10,True
568,4718,conf/sigmetrics/RaiUVB04,conf/sigcomm/NonnenmacherBT97,True
569,4725,conf/iccv/DinhTS01,conf/isbi/YeSDBS09,True
570,4732,conf/IEEEcit/TapiadorC10,journals/ijnsec/AlcaideECR08,True
571,4745,conf/iicai/ThomasDRB05,conf/compimage/GeethaTK10,True
572,4747,conf/policy/WangJLM04,journals/tissec/TraynorCWHM08,True
573,4748,conf/cp/ChuSB09,conf/plilp/BandaBH96,True
574,4757,conf/icwe/HoubenPSCSW06,conf/icwe/SampaioVS04a,True
575,4763,conf/icde/GokhaleGKLNP07,conf/mfdbs/DAtriFLM87,True
576,4764,conf/mm/BurgesPG03,conf/airweb/ZhouBT07,True
577,4769,journals/heuristics/RichmondB04,journals/bib/PlanesB08,True
578,4783,conf/kes/ZwaagSS03,journals/sigpro/GlentisSH00,True
579,4788,journals/presence/WazlawickRRCSSMKKF01,journals/aiedu/RosatelliS04,True
580,4794,journals/dc/FichHS06,conf/icdcn/EllenSW06,True
581,4799,conf/hicss/Becerra-FernandezMPRVW08,journals/jasss/PrietulaCG03,True
582,4800,conf/cpaior/ChuBS10,conf/slp/BuenoBH94,True
583,4810,journals/jancl/Radzikowska06,conf/fapr/Radzikowska96,True
584,4815,conf/hoti/LinLYL02,journals/comcom/LinWW01,True
585,4826,conf/caise/MunozO04,conf/er/SoutoWO07,True
586,4829,journals/dam/Darafsheh09,journals/ejc/CristeaD10,True
587,4833,conf/miccai/ZhouTP09,conf/eccv/GyaourovaBP04,True
588,4843,journals/tit/LingWLK07,journals/twc/PeiLTL09,True
589,4847,journals/tjs/GalanisDG06,conf/patmos/KakaroudasPKG00,True
590,4848,journals/bmcbi/EalesPSR08,journals/bioinformatics/WolstencroftMSTB05,True
591,4855,journals/nar/PeriNKASMGCDSRSPNHTVRYJSKMCGSCMJPKDP04,journals/nar/NagarajDGR07,True
592,4866,journals/tec/WalkerM08,conf/evoW/LiuMT05,True
593,4869,journals/dke/Ezeife01,journals/datamine/EzeifeL09a,True
594,4873,conf/mobicom/NiculescuN03,conf/icde/PhatakB99,True
595,4896,conf/ijcai/LuacesQTAB07,conf/iberamia/PerezGM02,True
596,4901,conf/ecp/DespouysI99,conf/icra/AlamiRIS95,True
597,4902,journals/vlsisp/ChenWL05,journals/ieicet/ChouWWWC05,True
598,4935,conf/crypto/AdamsT89,reference/crypt/Adams05c,True
599,4938,conf/ipps/GomezLD05,journals/tpds/RequenaRRM09,True
600,4952,journals/bioinformatics/BaudotMMCGJB06,journals/endm/Guenoche05,True
601,4958,journals/tit/LingLK03,journals/ieicet/MuralidharLG09,True
602,4965,series/ncs/FarooqC08,journals/taas/BabaogluCDCDGGJMMU06,True
603,4968,conf/premi/BhattacharyyaKKM09,journals/prl/ParuiSMM91,True
604,4973,journals/cn/ShanCM10,conf/broadnets/SaradhiGZ06,True
605,4979,conf/ifip1-7/ShiBA04,conf/idtrust/GarsonA08,True
606,4981,conf/dis/BardzinsFS98,conf/ershov/Barzdin72,True
607,4983,conf/cvpr/JoshiKSJ07,journals/ijcv/PengJPZ10,True
608,4984,conf/serp/BhatiaDJ06,conf/icon/GuptaMJ08,True
609,4998,conf/bicob/MaurinMR09,journals/tcs/PerraudRH92,True
610,5007,journals/cor/SavelsberghV85,journals/eor/Volgenant02,True
611,5021,journals/eor/Moreno-PerezMM03,journals/nc/ConsoliMDM10,True
612,5041,conf/chi/BerghMBPSH10,conf/korso/CorneliusHL95,True
613,5051,journals/hmd/StrahringerLSE07,conf/isese/PassingS03,True
614,5056,conf/jcdl/WardC08,conf/jcdl/Ward03,True
615,5079,conf/miccai/BenderGKWHN08,conf/miccai/BeuthienKF10,True
616,5084,journals/ijim/BasaeedBZB07,conf/scia/Al-JarwanZ05,True
617,5085,journals/eor/MacambiraS00,conf/his/BastosOM05,True
618,5093,journals/jsyml/BarwiseGM71,conf/lics/Barwise93,True
619,5094,conf/icpp/SundaresanG95,conf/w3c/MalhotraS98,True
620,2554,journals/trs/RadzikowskaK04,conf/ecsqaru/Radzikowska97,True
621,2594,journals/ijsi/Asfand-e-yarAWT10,conf/ccs/HuberMSW10,True
622,2600,journals/tip/KreschM99,journals/ijcv/KreschH03,True
623,2633,journals/tsmc/RenMPP07,journals/ijra/YuanMP09,True
624,2704,conf/ideas/EzeifeZ99,conf/ideas/EzeifeC04,True
625,2837,journals/ijwoc/LiS04,journals/tc/BiswasS90,True
626,2901,journals/ijcim/PhaithoonbuathongHWMK10,journals/ets/KirkhamWSCWS07,True
627,2962,journals/cogsci/MovellanM93,journals/cogsci/McClellandWDS10,True
628,2975,journals/comcom/WongLPL06,conf/icn/SeetLL01,True
629,2997,conf/webi/ChC06,journals/sigplan/MisraC89,True
630,3066,conf/adhocnets/RazzaqueDN09,conf/wac/Dobson04,True
631,3070,journals/sigpro/SekharS04,conf/isbi/DucrosSDSUP09,True
632,3108,conf/aiccsa/El-MalehAM08,conf/aiccsa/AlghonaimEL08,True
633,3176,conf/iticse/HampelFKM98,conf/colcom/SchulteDKSE09,True
634,3262,conf/conext/SteinerB05,conf/infocom/LegoutNB99,True
635,3271,conf/semco/AngSTTK09,journals/jbcb/KanagasabaiCRB07,True
636,3335,conf/icann/FrisoneM96,conf/achi/MasiaRCMSG09,True
637,3366,journals/eswa/QodmananNM11,conf/ike/TaghikhakiMM08,True
638,3381,journals/cor/SavelsberghV85,journals/cor/JanssenVV11,True
639,3393,conf/hicss/Sundaresan97,conf/ecweb/YiSH00,True
640,3439,journals/corr/nlin-AO-0404032,conf/sbp/WolpertB10,True
641,3459,conf/nips/RussellTLFF07,conf/cvpr/KavukcuogluRFL09,True
642,3613,conf/socialcom/JinTJ10,conf/sacmat/JoshiSGB03,True
643,3667,conf/assets/StevensE96,conf/esws/AfzalSN09,True
644,3690,conf/dac/BeattieP01a,conf/dac/TaylorP07,True
645,3718,conf/dagstuhl/Ternovskaia98,journals/fuin/TangT07,True
646,3818,conf/cikm/BethardJ10,conf/naacl/PradhanWHMJ04,True
647,3908,conf/fct/GirkarM93,conf/stoc/KrishnamurthyM81,True
648,3968,journals/ijcv/SidenbladhB03,conf/eccv/KjellstromRMK08,True
649,4115,conf/cvpr/RothgangerLSP03,journals/bc/RothgangerA09,True
650,4140,conf/sigmod/GruenwaldE91,journals/sigmod/DunhamH95,True
651,4241,journals/corr/cmp-lg-9611005,journals/ipm/KimJL03,True
652,4260,journals/dm/Hwang03,journals/dam/ChenH07a,True
653,4291,conf/iccv/WeiSTS07,conf/icpr/XuWFS02,True
654,4369,conf/icws/Engelen03,conf/IEEEpact/BirchEGS06,True
655,4443,conf/micai/JarurM06,conf/asiams/ShanmuganathanSPM08,True
656,4459,conf/sac/Lee-KlenzSW10,journals/Lobjet/SampaioP99,True
657,4525,conf/www/BayardoMS07,conf/sigmod/Bayardo98,True
658,4548,journals/tit/AdamsM89,conf/idtrust/GarsonA08,True
659,4620,conf/hicss/MartzCW99,conf/hicss/BeckM07,True
660,4704,conf/chi/Boyd-GraberNMKLMTK06,conf/chi/HarrisonMBN94a,True
661,4773,journals/cleiej/Sandoval04,journals/ijis/MendozaML09,True
662,4807,conf/cata/SungSS02,conf/caine/ShinSB02,True
663,4925,conf/models/KrugerM06,conf/monterey/FarcasFK08,True
664,4975,journals/jucs/ClarkM00,conf/cibse/SilvaACMLS08,True
665,5017,conf/icra/LockeP07,conf/iconip/TalebiPA98,True
666,2613,journals/corr/abs-0803-1604,journals/jitech/ShepherdCS09,True
667,2926,journals/sigmetrics/RubinsteinNHJLRTT09,conf/nsdi/KarlofTW08,True
668,3858,conf/vldb/LakshmananPH02,conf/fsttcs/LakshmananM86,True
669,3874,conf/lpar/Horton01,journals/jct/EllinghamH83,True
670,5096,journals/software/AksitDT91,conf/srds/KulkarniT08,True
671,5104,journals/corr/abs-0704-1043,journals/dsonline/Chavez04a,True
672,5110,journals/prl/Pavlidis03,journals/cvgip/ScarlatosP92,True
673,5112,journals/eik/Wiedermann89,conf/umc/WiedermannL02,True
674,5127,conf/sigmod/ZhangMC09,journals/is/LooYKC02,True
675,5164,conf/date/SunWD07,conf/euromicro/ElesKPDP98,True
676,5173,journals/jct/Hayward96,journals/ai/GreinerHJM06,True
677,5184,journals/tit/DeyR04,journals/corr/abs-0709-2833,True
678,5210,conf/serp/GutierrezMMGHOB09,conf/seke/Rodriguez-SoriaCMM10,True
679,5215,journals/twc/MallikZ07,journals/tcom/SongZ09a,True
680,5224,conf/ecoop/GreenwoodBFDGCSSBKR07,conf/sac/AraujoOS10,True
681,5226,journals/twc/OhL05,conf/vtc/MuralidharLL08,True
682,5237,conf/cidm/EzeifeM07,conf/dexa/LiE06,True
683,5239,conf/gvd/Albrecht93,conf/gvd/DusterhoftHKP99,True
684,5243,journals/ipl/ChinS77,journals/bmcbi/YangPLYCC10,True
685,5274,conf/secrypt/PatelMP10,conf/artcom/PaisDRP09,True
686,5275,journals/winet/JibukumarDB10,journals/pr/BiswasBC95,True
687,5278,journals/eccc/HitchcockPV09,journals/ijfcs/Vinodchandran05,True
688,5294,conf/iclp/OlartePV07,conf/fossacs/GiambiagiSV04,True
689,5295,conf/caap/DahlhausM86,conf/csl/GradelMR05,True
690,5314,journals/siamcomp/HwangHW05,conf/icpp/DuHOZ87,True
691,5316,journals/jc/BurgisserLS92,conf/focs/BlumS84,True
692,5324,journals/cn/BiersackCCRF07,conf/idms/GafsiB99,True
693,5329,conf/noms/JibukumarDB10,conf/icarcv/KokareCB02,True
694,5339,journals/ijcim/PhaithoonbuathongHWMK10,conf/gcc/TerracinaBKGJRR06,True
695,5342,journals/taosd/AlvesMCVBR07,conf/sac/SouzaOVO08,True
696,5343,journals/siamcomp/MolloyS07,conf/latin/AchlioptasMMB04,True
697,5351,journals/ijahuc/AbbasJ06,conf/networks/JainA92,True
698,5354,journals/icom/ZumbachSS04,journals/rptel/ZumbachS07,True
699,5379,conf/ewsn/KulathumaniADS07,conf/fpga/FrigoRBWWCRK10,True
700,5385,journals/tc/ChoiK90,conf/ipps/LakamrajuKKK98,True
701,5398,conf/pdc/DeardenRDOW08,conf/hci/WinschiersF07,True
702,5401,conf/jbidi/TGO01,conf/ntms/AyusoGML08,True
703,5408,conf/date/Lopez-OngilGPE05,conf/iccad/EntrenaC93,True
704,5425,journals/dm/OxleyW00,journals/jct/Whittle87,True
705,5427,conf/otm/EsquivelHGA07,conf/hci/Moreno-LlorenaRP09,True
706,5455,journals/siamdm/HwangR04,journals/jcb/DYachkovHMVW05,True
707,5457,journals/cviu/SquireC00,journals/prl/MullerMSMP01,True
708,5468,conf/sis/PozoCG08,conf/icpads/AyusoLG08,True
709,5469,conf/nordichi/IacucciIK02,journals/puc/BinderMGJMPW04,True
710,5481,conf/hpdc/CoxBCDEFJGGPKSSTWX02,conf/kdd/TaoMF03,True
711,5483,conf/cisc/LiaoXQHR05,conf/pimrc/LiRLXYS06,True
712,5486,journals/vc/CalvertWGSL91,conf/graphicsinterface/BartramUC00,True
713,5494,conf/vldb/ChoALS02,conf/mfdbs/DAtriFLM87,True
714,5496,conf/eurasiaict/Far02,conf/iat/AfsharchiFD06,True
715,5503,conf/iccS/CaronDDGGKOSSSZ07,conf/haptics/KimSD03,True
716,5507,conf/icra/AlamiCFHIKMMS00,conf/ecai/InfantesIG06,True
717,5511,conf/mfcs/RuzickaW76,conf/sofsem/Wiedermann04,True
718,5517,conf/pakm/ErgazakisKMP02,journals/anor/GoletsisPS03,True
719,5537,conf/hicss/BeckerBH94,conf/dgo/BeckerTK04,True
720,5539,conf/ismis/ChaiB97,journals/talip/LiuJC06,True
721,5545,journals/ipm/RobertsonH92,conf/sigir/CaoNGR08,True
722,5546,conf/icpp/HelmboldM89,journals/cacm/McDowellWBF06,True
723,5553,journals/tpds/LeungT97,conf/cocoon/HungT06,True
724,5555,conf/iat/CorradiniMO09,conf/otm/OntanonP08,True
725,5557,journals/constraints/MearsBW09,conf/slp/BandaHM93,True
726,5562,conf/wstst/AliBZ08,journals/fgcs/DelaitreZJAW00,True
727,5564,conf/wdag/FichR00,conf/icdcn/AttiyaEF06,True
728,5565,conf/odbis/WeipplKFET06,conf/ejc/WeipplL00,True
729,5567,journals/cor/VolgenantJ90,journals/cor/VolgenantT99,True
730,5568,journals/rts/DolevK99,conf/icn/KesselmanM05,True
731,5575,conf/aaai/BaggaCB97,conf/sigir/JinC05,True
732,5590,conf/iceis/NixonWTOD00,conf/ah/OConnorW06,True
733,5591,conf/codes/KallakuriD05,conf/codes/ElesPD94,True
734,5596,conf/icip/KepenekciTA02,conf/icip/AltunbasakTB94,True
735,5607,conf/vrcai/HuffDNFCO06,conf/ccgrid/CaanVKOV10,True
736,5608,journals/rts/BrilLV09,conf/asap/HorstBLM05,True
737,5619,journals/bioinformatics/LeungC06,journals/bmcbi/YangPLYCC10,True
738,5627,conf/soda/AndoniJP10,journals/jcss/SinhaT97,True
739,5634,conf/icccn/GuanWA04,conf/IEEEcit/AlGhamdiW10,True
740,5669,journals/corr/abs-0904-2722,journals/tit/SilvaKK10,True
741,5684,journals/corr/abs-0705-0552,journals/tcs/AlbertGHLRS04,True
742,5705,conf/coopis/MinockRP99,journals/jiis/Minock10,True
743,5715,journals/tmi/OlabarriagaRFBN05,journals/fgcs/OlabarriagaM10,True
744,5723,journals/prl/Pavlidis93,journals/jacm/HorowitzP76,True
745,5724,journals/tc/Chakrabarti99,conf/vlsid/MondalCD10,True
746,5730,conf/webnet/WadeD00,conf/um/Wade09,True
747,5763,conf/cec/TrefzerKMT09,conf/evoW/VolkMS09,True
748,5784,journals/icom/BaumertKS04,journals/csur/FloydKN81,True
749,5793,conf/iciar/KeramidasIMK07,conf/euromicro/KarrasKM00,True
750,5795,journals/bmcbi/LucianoS07,journals/bib/StevensM00,True
751,5806,conf/icc/QiuMM07,conf/discex/McDanielP03,True
752,5808,conf/acisp/Solms09,journals/isci/EhlersS91,True
753,5815,conf/iccd/MoseleyGKC05,journals/micro/WuMCRCWLB06,True
754,5826,journals/pr/SiromoneySDT99,conf/compimage/GeethaTK10,True
755,5828,conf/chi/OHaraMV07,conf/chi/SlaydenSHS05,True
756,5829,journals/fuin/Laird05,conf/tlca/Laird03,True
757,5839,conf/grc/HuangH05,journals/ijiem/DawsonH03,True
758,5842,journals/lre/ChaLL02,journals/csl/LeeL09,True
759,5845,conf/iros/TavakoliAPM07,conf/icra/TalebiKP99,True
760,5846,journals/jsac/LinT10,conf/infocom/TienY98,True
761,5850,books/sp/datamining2005/Burges05,conf/airweb/SvoreWBR07,True
762,5865,journals/bioinformatics/HollandDPPHJFDYHS08,journals/bioinformatics/JonesVDHKKQWHA05,True
763,5866,journals/tods/AstrahanBCEGGKLMMPTWW76,conf/sosp/RedellDHLLMMP79,True
764,5867,conf/para/FontdecabaCD98,conf/iv/Pascual-CidBDMM09,True
765,5879,conf/sdt/KaminA84,conf/gpce/KaminAK06,True
766,5882,conf/nips/GrossmanMD88,conf/colt/Meir97,True
767,5885,conf/icml/BahamondeBDQLCAG04,conf/iberamia/PerezGM02,True
768,5892,conf/ices/KhanMH08,conf/eh/VassilevJM00,True
769,5900,conf/otm/ProperW05,conf/emisa/BommelBHP07,True
770,5917,conf/acg/HurdH09,journals/icga/Haworth05,True
771,5927,conf/drm/ByersCKMC03,conf/iciss/ButlerEPTM06,True
772,5940,conf/isnn/Shenouda06,journals/nn/AbdelbarAW03,True
773,5949,conf/iceis/TerzisNWDF99,conf/clef/LevelingGMJW10,True
774,5950,journals/japll/CarballidoOA10,conf/conielecomp/EiseleRGG04,True
775,5954,conf/iconip/GalluppiRDF10,journals/tvlsi/FurberD96,True
776,5958,conf/sigir/SakaiR01,conf/iiix/Robertson08,True
777,5963,journals/dm/HajiaghaeeMMST00,journals/jsac/GoemansLMT06,True
778,5965,conf/ecai/BurchHMOS10,conf/webi/JiangZH08,True
779,5976,conf/webnet/Gallego-FernandezDP00,conf/wecwis/DelgadoPR05,True
780,5977,conf/icoin/KangN04,conf/mobicom/BakreB95,True
781,5980,conf/lpar/DonnellyGKMP04,conf/popl/Krishnaswami09,True
782,5982,journals/tc/Hasan01,conf/arith/ChungH07,True
783,5986,conf/comsware/AbbasJ06a,conf/comsware/SaxenaGJ08,True
784,5989,conf/slsfs/Titterington05,conf/ecml/DoliaBHST06,True
785,5991,journals/tc/HasanWB92,journals/tc/SarmadiH09,True
786,5993,conf/wabi/MyersD02,conf/miccai/XieZLMP10,True
787,5995,journals/pvldb/PandaHBB09,journals/datamine/BayardoAG00,True
788,5998,conf/nocs/PlanaBFSSW08,conf/ijcnn/RastYKF08,True
789,6000,conf/miccai/MaesLDVS99,conf/miccai/MenzeLLWAG10,True
790,6002,conf/his/LopeC05,conf/adma/WeinertL06,True
791,6007,conf/ipps/DuatoLY97,journals/tpds/RequenaRRM09,True
792,6011,conf/coopis/HayaMA04,conf/ipmu/Aguilar-CrespoPA92,True
793,6012,conf/cascon/BarrowmanM95,conf/sigsmall/MartinBMNF88,True
794,6015,journals/talg/HajiaghayiT10,conf/stoc/BlumHLR08,True
795,6026,journals/tip/GilI04,conf/ccia/RadevaBTV02,True
796,6029,conf/cp/Rojas96,conf/icaris/RiffM09,True
797,6031,conf/cbms/YaoALTZ06,conf/icml/LongZWY07,True
798,6035,conf/tools/GimenesTO00,conf/sigdoc/GaspariniPOB10,True
799,6037,journals/pr/XueT08,journals/ml/FokoueT03,True
800,6040,conf/icdcs/WeiSCV06,conf/webnet/RaoCCC99a,True
801,6047,conf/nips/AlspectorAJZM90,journals/tit/MaiorovM01,True
802,6058,journals/tse/Eich88,conf/mobide/DunhamK99,True
803,6067,conf/ismb/Myers99,journals/jacm/Myers92,True
804,6075,conf/icip/LiT08,conf/vcip/ShenTL00,True
805,6078,conf/icai/PuenteSO09,conf/icai/MataOS07,True
806,6081,conf/focs/JayramW09,journals/eccc/ECCC-TR98-053,True
807,6105,conf/er/Rodriguez-GianolliM01,conf/icdt/ArocenaFM10,True
808,6108,conf/geoinformatics/YuCHCMY10,conf/icde/LuYWZJYZ03,True
809,6129,conf/afips/Morgan76,journals/cacm/Morgan70,True
810,6133,conf/iscas/ChiuCLZ04,journals/tip/LeungWL04,True
811,6137,conf/ichit/HataWPO09,conf/sies/HolandaAWMC07,True
812,6139,journals/sigpro/CoatesK02,conf/icip/SpaendonckFCB00,True
813,6150,journals/tsp/AysalOC09,conf/nca/ThouinCG06,True
814,6152,conf/delfi/HoermannJSS03,journals/login/BrichzinEHH08,True
815,6154,journals/ett/BenedettoCKU06,journals/tit/Kotter96,True
816,6159,conf/tabletop/OlsenCP07,journals/spe/KohlertRO93,True
817,6168,journals/endm/BonnevayLLN99,journals/corr/abs-0902-1080,True
818,6178,journals/comcom/MohanT08,journals/osn/GhaniGGMS09,True
819,6188,conf/icra/CrowderDCW99,conf/icalt/YusoffCGW09,True
820,6191,journals/igpl/KuruczNSS93,conf/frocos/Kurucz09,True
821,6198,conf/ecai/TorreT98,journals/jucs/BoellaTV09,True
822,6202,conf/huc/RachuriMMRLA10,conf/icc/RachuriM09,True
823,6211,journals/ior/SchummerV03,journals/siamdm/KleitmanV90,True
824,6222,journals/jco/ChanCZZSW06,journals/jbcb/LeungSYCS09,True
825,6223,journals/transci/WongYFL08,journals/cor/BasnetL05,True
826,6225,conf/miccai/CaanKPDOGVV10,conf/ipmi/OlabarriagaS97,True
827,6233,conf/icdm/Zhang02,conf/icmcs/YaoZALT06,True
828,6236,conf/wise/SampaioDS05,conf/eee/SampaioH05,True
829,6252,conf/aosd/BreuelR07,conf/coots/ReverbelM97,True
830,6253,conf/avss/ShuHLBCST05,journals/csur/Brown92,True
831,6254,conf/cibse/NetoGC08,conf/wer/ToranzoCM02,True
832,6256,conf/psb/BechhoferSL05,conf/ht/GobleHS00,True
833,6263,journals/internet/McDowellMABM98,conf/appinf/McDowellC99,True
834,6277,journals/sigops/EzhilchelvanS10,conf/dsn/InayatE06,True
835,6292,conf/sigcse/ButlerTW87,conf/hpdc/ToonenALFGGBK01,True
836,6293,journals/neco/SumLYCK99,journals/jmlr/HuangYKLC04,True
837,6298,journals/cg/KrishnanDG96,journals/cad/RamanathanG03,True
838,6302,conf/mobility/GowrishankarS07,conf/imecs/SBPS07,True
839,6314,conf/cbse/BayEO06,journals/toplas/Eugster07,True
840,6316,journals/tit/LingLK03,journals/tsp/MuralidharLG10,True
841,6317,conf/europar/KimHL05,conf/iccsa/JunJKL07,True
842,6322,conf/ecoop/GreenwoodBFDGCSSBKR07,conf/sle/BartolomeiCLS09,True
843,6334,journals/candc/Simos99,journals/appml/Simos09,True
844,6336,journals/sigpro/CoatesK02,conf/broadnets/SaberiC06,True
845,6338,conf/isca/TripathiL79,conf/sacmat/KulkarniT08,True
846,6349,journals/entcs/RosaC04,conf/programmier/CunhaLM80,True
847,6356,conf/IEEEscc/EdgeSPC08,journals/Lobjet/SampaioP99,True
848,6366,conf/iciar/LukacP05,journals/prl/SmolkaCHPSW03,True
849,6376,conf/vg/SlabaughCMS01,journals/jmiv/UnalS08,True
850,6379,journals/ieicet/LinLLL08,conf/iwqos/LinHH01,True
851,6381,conf/riao/PsarrasJ07,conf/ic3k/SourouniKPA09,True
852,6383,conf/pdd/AppelbeM88,conf/sigcse/McDowellWBF02,True
853,6407,conf/vlsid/DasguptaMCS94,journals/ijprai/BiswasMCC92,True
854,6408,conf/gi/AuerMS10,conf/asunam/MullerMJ09,True
855,6414,conf/fqas/PuenteSO09,conf/mco/AnguloRGSO08,True
856,6420,conf/iwvf/JacobsBJ01,conf/icpr/GhoulJZ08,True
857,6425,conf/ecoopw/Moreira98,conf/models/BarreirosM09,True
858,6427,conf/pci/Vrasidas01,series/sci/ConstantinouRPC09,True
859,6436,conf/ewlr/EggenbergerITKU99,conf/acal/HadornH09,True
860,6437,conf/vr/TeatherNJ10,conf/IEEEicci/JenkinHGGTW07,True
861,6438,journals/tjs/GalanisDG06,journals/tvlsi/MasselosCGM02,True
862,6439,conf/ewcbr/OlssonFB04,conf/iccbr/NilssonKSF05,True
863,6442,conf/icci/OudshoornM93,conf/ISCApdcs/FuadDO07,True
864,6446,conf/f-egc/HacidZ06,conf/ismis/RitschardZ06,True
865,6449,journals/mp/HajiaghayiKMN07,conf/latin/HajiaghayiN10,True
866,6459,conf/percom/SharmaSM06,conf/iccc/ForneauGM88,True
867,6471,journals/jss/FangZH95,journals/jsa/HeZ93,True
868,6473,journals/ercim/Mei08,conf/cmg/MeiGM04,True
869,6483,conf/dfn/Bruggemann-KleinJKSSWS01,conf/ercimdl/BernardBFKKRSS10,True
870,6486,conf/ftrtft/BoerTRH96,conf/vstte/Roever05,True
871,6488,journals/comcom/MohanM99,journals/ton/ZhaoG08,True
872,6489,journals/jdi/RedfernLAPHK02,conf/ijcai/LanglotzFTWS85,True
873,6496,journals/cleiej/Sandoval04,conf/ifsa/MendozaMCL07,True
874,6503,conf/kes/BrinkeSB04,journals/prl/PunS96,True
875,6512,conf/cig/BjornssonEHS05,conf/teletraffic/LiBHH07,True
876,6514,journals/entcs/KumarM05,journals/entcs/MercerMY02,True
877,6521,journals/jetc/PaulFOL07,conf/vlsid/ChoiPR02,True
878,6528,journals/entcs/BorgesM07,conf/icst/BertoliniPdM09,True
879,6544,journals/tsp/YaghoobiDD09,journals/tit/BlumensathD09,True
880,6548,journals/compsec/SolmsS01,journals/compsec/Solms98,True
881,6555,journals/sigops/FernandessFM07,conf/opodis/SevillaMLLMA10,True
882,6561,journals/puc/IacucciK02,journals/interactions/JacucciS05,True
883,6566,journals/ijahuc/AbbasJ10,conf/comsware/SadaphalJ06,True
884,6571,journals/jcsc/LeungWTL98,journals/ijbc/NgaILL08,True
885,6574,journals/ijim/RamliII10,conf/icalt/KaurFID05,True
886,6582,conf/mir/LouiLCEJKLY07,journals/taslp/MandelBSE10,True
887,6585,journals/jasis/BellMNWZ93,conf/ismir/BellBGB05,True
888,6592,conf/wabi/ChanCCFK06,journals/jbcb/LeungSYCS09,True
889,6598,conf/icann/CutsuridisCG08,books/acm/kim95/KelleyGKRG95,True
890,6604,journals/iee/SewryCW97,journals/gis/PrestonCW03,True
891,6605,conf/icc/ElMahgoubN07,conf/icc/AbdelhakimNSE09,True
892,6613,conf/gvd/Albrecht93,conf/gvd/KlettkeH99,True
893,6625,conf/dcc/LiT08,conf/icip/CheongTLB04,True
894,6632,journals/debu/Eich85,conf/mldm/IsakssonD09,True
895,6634,conf/ki/Ternovskaia94,conf/lpar/TasharrofiT10,True
896,6662,conf/IEEEcit/TapiadorC10,conf/etrics/AlcaideEHR06,True
897,6670,journals/dsp/ChatterjeeS09,journals/sigpro/SekharS04,True
898,6675,journals/ipl/Ho-StuartZF93,conf/icsm/WardZH04,True
899,6681,journals/ijrr/AngK06,conf/icra/AngLL00,True
900,6686,conf/csr/RangelOFBF06,conf/iccsa/SosaSNP03,True
901,6689,journals/cor/IcmeliE94,journals/eor/TukelRE06,True
902,6698,conf/iwann/AleksandrovskyBLG97,journals/scholarpedia/GrangerH07,True
903,6699,journals/tcs/ZaharakisK08,conf/isda/PruvostKHSM09,True
904,6701,conf/ACMace/YagiEITSICOI09,conf/dimea/SakamotoSI07a,True
905,6707,conf/icdar/ShiP97,conf/icpr/TesserP00,True
906,6723,conf/tei/LeeKGM08,conf/ACMace/WuRM07,True
907,6726,conf/spire/LeeA05,conf/ismir/CrochemoreIP00,True
908,6733,journals/nle/FabbrizioTHGRGLS08,journals/taslp/DouglasAABGSV05,True
909,6736,journals/dcc/DeyR05,journals/corr/abs-0709-2833,True
910,6752,conf/cf/OliverRBMFCA06,conf/iccd/OskinKHLC00,True
911,6753,journals/jbi/PaulettL09,conf/aaai/HorvitzHL86,True
912,6757,conf/pods/PaghS09,conf/icalp/MunroR04,True
913,6760,journals/datamine/LawrenceAKVD01,journals/ppl/AlmasiBBCCCELMMSSCS03,True
914,6761,journals/prl/Huber-MorkRPMHV07,journals/mta/DustdarH98,True
915,6766,conf/dac/McLeodAEGRR99,conf/compcon/HennessyJGBSGRL82,True
916,6777,conf/iciap/BufSCBDHJFBWRPC99,journals/pr/Roerdink00,True
917,6787,conf/icpr/TopchyMJP04,conf/amt/BeigiPMM10,True
918,6789,conf/gecco/MillerH09,conf/ices/HardingM05,True
919,6796,journals/jcc/ElkingDW07,journals/tjs/CrowleyDCD97,True
920,6817,conf/cec/ShirEBV07,conf/cec/NaujoksBE05,True
921,6818,journals/transci/WongYFL08,journals/disopt/LeeLM04,True
922,6819,conf/vcip/JiHY00,conf/iwdw/PuhanHS09,True
923,6821,conf/iat/KehagiasM05,conf/iat/MavridouKKT08,True
924,6822,journals/dke/HalpinP95,conf/ifip8-1/SsebuggwawoHP09a,True
925,6823,conf/cases/ChakrapaniKMPPW01,conf/date/KuacharoenMM03,True
926,6832,journals/ijns/Meir91,conf/nips/DerbekoEM03,True
927,6838,conf/samos/CrisuCVL04,journals/tvlsi/HuCJC04,True
928,6839,journals/pe/GandhiGHK10,journals/percom/SatyanarayananKHO05,True
929,6845,conf/iwls/ThepayasuwanD02,conf/date/ElesKPDP98,True
930,6848,conf/riao/PsarrasJ07,journals/jors/XidonasMP10,True
931,6857,conf/micai/JarurM06,conf/iconip/SallisMT08,True
932,6865,journals/ior/SchummerV03,conf/ipco/BertsimasTV96,True
933,6867,journals/ior/SchummerV03,conf/sigecom/FortnowV08,True
934,6877,conf/apchi/LeeHJCC04,conf/iros/LocKTSKMC08,True
935,6878,conf/iswc/KamijohIORN01,journals/pervasive/BorrielloSNM07,True
936,6884,conf/iros/ChenB07,conf/cvpr/KanherePB05,True
937,6899,conf/aosd/HohensteinJ09,conf/caise/Jaeger04,True
938,6901,conf/services/Simmhan08,conf/hicss/SimmhanBINDLSSWH09,True
939,6924,conf/simvis/MullerK07,conf/gi/Muller09,True
940,6933,conf/ah/ConlanWBG02,conf/um/HarriganKSW09,True
941,6934,conf/icws/ArrottDEFFKM07,conf/isorc/GrosuKS00,True
942,6935,journals/ijcv/FergusPZ07,journals/tog/KrishnanF09,True
943,6938,journals/ipl/ChenYYKOF92,conf/dasfaa/NingWY08,True
944,6939,conf/cso/DiazORVR09,conf/iccsa/PerezPRSRS03,True
945,6942,conf/pdpta/SewryCW95,conf/webnet/PrestonCW99,True
946,6943,journals/corr/abs-0906-1147,conf/hpdc/KeaheyG97,True
947,6946,conf/eurocast/Diaz-SuarezTGFGA09,journals/npl/Faundez-ZanuyEFT07,True
948,6948,conf/vldb/WongCHKM07,conf/ds/LuFHMC97,True
949,6949,conf/pstv/FangHZ93,conf/csmr/ZedanY98,True
950,6950,journals/deds/BerthomieuLRV07,conf/sas/RouxR96,True
951,6953,journals/jucs/HayaMEGA06,conf/ipmu/Aguilar-CrespoPA92,True
952,6956,conf/www/SchuelerSST08,conf/ah/TranWLC08,True
953,6958,journals/ml/ChanSW99,journals/tec/WolpertM05,True
954,6966,journals/cacm/Horning07,conf/ifip/LaLondeLH71,True
955,6967,conf/ecai/HarwoodH76,conf/icfp/Hanna02,True
956,6968,conf/indiaSE/SinghC09,conf/icetet/GuptaC09,True
957,6985,conf/chi/DhamijaTH06,conf/ndss/KarlofTW09,True
958,6988,conf/jsspp/GongPF09,journals/concurrency/AkarsuFH98,True
959,6989,journals/tse/EichG90,conf/dagstuhl/DunhamKPRT04a,True
960,6991,journals/siamdm/ButlerHKL08,conf/approx/BateniHZ10,True
961,6996,conf/icpr/DuB10,journals/jirs/LiB98,True
962,7018,journals/jbcs/CostaS04,conf/sbsc/ProvensiCS08,True
963,7028,journals/mp/HallV93,conf/sigecom/BeigmanV06,True
964,7029,conf/ecai/Imbert98,journals/vr/AntonioIRF04,True
965,7040,conf/ah/PsarrasJ06,journals/ijdmmm/XidonasEEMP09,True
966,7068,conf/jcdl/ManguinhasFB10,conf/elpub/ChanHBSBRR03,True
967,7071,conf/ipmu/AndersonBKP10,conf/icra/SkubicABPS06,True
968,7082,conf/fse/HwangLLLL02,conf/iccsa/LeeHLL05,True
969,7084,conf/semco/AngSTTK09,conf/pricai/RajaramanP00,True
970,7085,conf/noms/WadeR00,journals/internet/OSullivanWL07,True
971,7097,conf/middleware/ChenL07,conf/euc/JarnikovLS05,True
972,7107,journals/siamcomp/HwangHW05,journals/jct/HwangM95,True
973,7137,conf/eusflat/Gomez-SkarmetaBBD99,journals/eswa/MoronCRA09,True
974,7143,conf/iccl/BeckmanK98,conf/gpce/KaminAK06,True
975,7146,conf/smc/MoghadamW09,conf/iros/DongWS07,True
976,7152,journals/ivc/ZanaJFT06,journals/dsp/EstroziRBCC03,True
977,7172,conf/cec/ShirEB07,conf/cec/NaujoksBE05,True
978,7174,conf/cscwd/GerosaPRFL05,conf/iceis/SantosVRG04,True
979,7178,journals/cn/FerreiraHKKMRSS96,conf/icalt/SimonSWABDNHKMMNOSSZ06,True
980,7180,conf/ausai/ZaidiSS10,journals/prl/MullerMSMP01,True
981,7184,conf/trec/Hancock-BeaulieuGHRWW96,conf/iiix/Robertson08,True
982,7192,conf/icwe/SampaioVS04a,conf/forte/VasconcelosM92,True
983,7214,journals/oclc/DunckleyRHRRCG10,conf/im/BreitgandHLSY05,True
984,7215,conf/hicss/DymondJ99,journals/presence/KapralosJM08,True
985,7230,journals/cvgip/PeiLS97,journals/pr/ShihW05,True
986,7236,conf/ijit/TemelH04,journals/ras/CarmenaH04,True
987,7240,conf/ideal/DomenechL07,journals/jmm2/SantanaDLH06,True
988,7244,conf/iciap/HajiBS09,journals/jacm/Bui77,True
989,7254,conf/eccv/SidenbladhBS02,conf/icinco/WangDDK07,True
990,7257,conf/ride/LiC93,journals/tkde/CliftonWF07,True
991,7264,journals/jct/McDiarmidRSS94,journals/dm/McDiarmid97,True
992,7274,conf/iberamia/GarciaALS08,conf/iwann/IsasiMM97,True
993,7279,conf/glvlsi/DimitroulakosKGG07,journals/ivc/KoufopavlouG92,True
994,7281,conf/conext/SteinerB06,conf/kivs/GafsiB99,True
995,7288,conf/gecco/PreussSE05,conf/emo/EmmerichD06,True
996,7295,conf/fct/BarzdinsFS01,conf/ifip/BarzdinBK77,True
997,7299,journals/wicomm/FanLP03,journals/tit/PengF04,True
998,7316,conf/aina/WaluyoGTS05,conf/icycs/WuLS08,True
999,7317,conf/hci/IacucciSW99,conf/mhci/BjorkskogJLG09,True
1000,7318,conf/new2an/Cano-GarciaGC06,conf/mobiwac/Trivino-CabreraNCG06,True
1001,7319,conf/cikm/AndrewsLSS96,conf/fsttcs/LakshmananCM84,True
1002,7320,conf/spin/LuttikT05,journals/jlp/BaetenL06,True
1003,7321,conf/ispass/DieterD08,conf/iccS/DietzDFC06,True
1004,7322,conf/gecco/MillerH09,journals/gpem/HuHB10,True
1005,7330,conf/icci/HemachandraHOSTW93,series/sci/AbsoluLO10,True
1006,7335,journals/ipm/Robertson77,conf/chi/RobertsonVW09,True
1007,7346,conf/icdcsw/ChiraD07,conf/ppsn/StoeanPSD08,True
1008,7352,conf/intensive/HohensteinJB09,conf/icws/JaegerMG05,True
1009,7359,conf/icits/GaziM09,conf/wdag/Maurer04,True
1010,7382,conf/iscas/GanCNS05,conf/iccv/XinWTTTS05,True
1011,7387,conf/cccg/MukhopadhyayD06,conf/soda/Drysdale90,True
1012,7405,journals/jacm/YuSS78,journals/dm/SiuT80,True
1013,7408,journals/tip/KreschM99,conf/iwvf/EladHK01,True
1014,7436,journals/cviu/KhameneN03,conf/miccai/BeuthienKF10,True
1015,7441,conf/gcb/Myers99,journals/nar/MyersM86,True
1016,7456,journals/adhoc/LiG07,journals/sigmobile/BromageEKBDHMNNPSTVGOSS09,True
1017,7459,conf/wicsa/WieczorekRSKCKS09,conf/ershov/Kozura01,True
1018,7461,journals/jct/GeelenW03,journals/jct/Whittle87,True
1019,7468,conf/sacmat/TakabiJ10,journals/tkde/JoshiBLG05,True
1020,7478,conf/siggraph/ZhangWGS02,journals/ijig/WenyinTXS01,True
1021,7479,conf/dagstuhl/BohmeF05,conf/middleware/FiegeZGH03,True
1022,7494,journals/njc/LamST96,journals/jco/LauT01,True
1023,7501,journals/jsc/Pohst05,conf/issac/BosmaP91,True
1024,7502,conf/uist/Olsen07,journals/tsmc/CrandallGON05,True
1025,7517,conf/globecom/HeCM08,conf/broadnets/SaradhiGZ06,True
1026,7518,conf/jcdl/GeffetF01,journals/nle/KotlermanDSZ10,True
1027,7546,journals/ijcim/PhaithoonbuathongHWMK10,conf/csreaEEE/KirkhamV05,True
1028,7568,conf/iat/SilaghiY07,conf/socialcom/QinMS10,True
1029,7569,conf/icdar/BledaBGZLMPV09,journals/pami/VidalMA95,True
1030,7570,conf/gameon/Karlsson03,conf/ACMace/KarlssonF05,True
1031,7572,conf/globecom/ChiuYL06,conf/icc/PingCY97,True
1032,7574,conf/soda/Vohra06,conf/www/NazerzadehSV08,True
1033,7577,conf/dsd/WaseemAACP06,conf/fidji/RabeaE03,True
1034,7587,journals/ijcia/HelmyF10,conf/iat/TijerinoEB08,True
1035,7590,journals/ijcim/VerdouwBTV10,journals/aei/WognumBTVB11,True
1036,7591,conf/csl/CollinsonPR05,conf/lics/FreydRR92,True
1037,7595,journals/debu/MarchMPRCBR84,conf/flairs/PrietulaC02,True
1038,7597,journals/jct/VertiganW97,journals/jct/GeelenGW02,True
1039,7599,conf/irma/BeckerBR00,books/idea/encyclopedia2005/Becker05,True
1040,7613,journals/bmcbi/BarreraCHMPSB07,journals/dsp/EstroziRBCC03,True
1041,7619,conf/async/EbergenFS07,conf/vts/PetlinF95,True
1042,7620,conf/icra/Sklar04,conf/chi/RozierA97,True
1043,7621,conf/chi/VaucelleMDAD04,conf/chi/BonanniVLZ06,True
1044,7625,journals/infsof/Raffo05,journals/sopr/WakelandSR05,True
1045,7637,conf/sc/HeadGSLAECL05,journals/toit/Engelen08,True
1046,7644,journals/prl/PavlidisCJ93,journals/pami/RochaP95,True
1047,7648,journals/ijdsn/OlariuSS05,conf/mobihoc/LiMRS09,True
1048,7675,conf/fqas/PuenteSO09,conf/icai/MataOS04,True
1049,5099,conf/spaa/Fox10,conf/grid/AydinAFGPS05,True
1050,5253,conf/vdb/YuOKF89,conf/wise/WangYL07,True
1051,5412,journals/mam/SalcicHRB06,journals/mam/Salcic02,True
1052,5456,conf/alt/BalcanRT09,conf/icip/KavallieratouBPF01,True
1053,5581,conf/crv/ZhangSB04,journals/jacm/ManacherBM89,True
1054,5847,journals/jc/PughS97,journals/tcs/CuckerS96,True
1055,6019,journals/entcs/JungMV08,conf/imperial/Vickers94,True
1056,6046,conf/kdd/SculleyMBB09,conf/sigmod/BohrerBBCFHKKMNRRSUUW97,True
1057,6189,conf/hicss/WuITIT03,conf/ecscw/LuM91,True
1058,6206,journals/pr/GuT02,conf/pcm/LuoLG07,True
1059,6228,conf/icra/ZhangWH93,conf/kdd/LongZY07,True
1060,6274,conf/seke/AlvesPCL09,journals/jucs/AlvesS03,True
1061,6531,journals/talg/Williams10,conf/stoc/VassilevskaW06,True
1062,6594,conf/jfplc/BriatFG90,conf/dsrt/CecinGRB06,True
1063,6602,conf/iiwas/KhanGWT09,conf/dexaw/WeipplAE00,True
1064,6623,conf/ncm/ParvinAMA08a,journals/corr/abs-0911-0488,True
1065,6667,conf/lctrts/ZhaoCWBEYHDGJ02,conf/ACMse/ShouEBG06,True
1066,6806,conf/bibe/PolychronakiKGASSTSN08,journals/tmi/MatsopoulosAMD04,True
1067,7081,journals/pami/XieC88,conf/chi/JethaBCM93,True
1068,7448,journals/isr/KrautMSKS99,conf/popl/Scherlis81,True
1069,5183,conf/icalt/ChengSB08,conf/mis/OriaOCIL99,True
1070,5362,journals/ipm/DysonLM68,conf/sigmod/Morgan78,True
1071,6569,conf/ipaw/Halaschek-WienerGSGPH06,journals/jdm/ShethAABWRHAAAK05,True
1072,7695,conf/bda/GuehisGR07,journals/corr/abs-1001-2738,True
1073,7700,conf/www/SchuelerSST08,conf/iccs/TranHS09,True
1074,7704,journals/tjs/BernabeuAV08,conf/cluster/Martinez-ZaldivarVG07,True
1075,7708,journals/trob/WijesomaKB04,conf/icra/PereraWA04,True
1076,7731,conf/asplos/VlachosGKCFGM10,journals/computer/KozuchSBHS04,True
1077,7742,conf/rsfdgrc/CornelisCR07,conf/ecsqaru/Radzikowska97,True
1078,7747,conf/icwe/SampaioVS04,conf/icsoft/OliveiraVG07,True
1079,7765,conf/miccai/OlabarriagaBN03,journals/fgcs/OlabarriagaM10,True
1080,7781,conf/seke/PengJRZ07,conf/icse/SisonJORH06,True
1081,7790,conf/chi/VatrapuR09,conf/vl/HundhausenWV04,True
1082,7791,conf/riao/PsarrasJ07,journals/eor/DoukasAP07,True
1083,7793,conf/ismb/StevensTWOSLGBT04,conf/owled/StevensS08,True
1084,7794,conf/ieaaie/LiuSEF04,conf/IEEEicci/WahonoF02,True
1085,7815,journals/bc/GarvinZHK97,conf/mss/AzaguryDFHNRRSTY03,True
1086,7818,conf/dmkd/ShahLRS99,conf/mfdbs/DAtriFLM87,True
1087,7819,conf/icarcv/MoghadamWF08,conf/icra/PereraWA04,True
1088,7821,conf/nips/HenisF91,conf/mss/AzaguryDFHNRRSTY03,True
1089,7831,journals/cacm/HorningN08,journals/tse/GannonH75,True
1090,7832,conf/sacmat/McDaniel03,journals/ton/TraynorEMP09,True
1091,7836,journals/taslp/BirchfieldS05,conf/iccv/BirchfieldT98,True
1092,7841,journals/fuin/KuruczN00,journals/apal/GabelaiaKWZ06,True
1093,7848,conf/icra/SidenbladhKC99,conf/icinco/WangDDK07,True
1094,7871,conf/ismir/WhitmanE04,conf/ismir/MandelE08,True
1095,7883,journals/jsa/BonninPD94,conf/aipr/GuermeurP01,True
1096,7884,conf/wads/Farach-ColtonM07,conf/recomb/AgarwalaBDDFHMS97,True
1097,7894,conf/mobicom/SharmaMS06,journals/pe/RosenbergMK90,True
1098,7903,journals/mta/FacanhaFR99,conf/cnsr/ChenCJDF09,True
1099,7913,journals/informaticaSI/ChevaleyreDELLMPPRS06,conf/dsn/MartinsSCV04,True
1100,7926,conf/ijcai/WolpertST01,journals/corr/abs-0708-1362,True
1101,7928,journals/jcst/Damaj07,conf/imecs/KasbahHD07,True
1102,7936,conf/vecpar/TrujilloVGG08,conf/cluster/Martinez-ZaldivarVG07,True
1103,7937,conf/socialcom/MasoumzadehJ10,journals/cacm/JoshiAGS01,True
1104,7940,conf/pods/PaghS09,conf/fsttcs/MunroRR98,True
1105,7944,journals/dc/Fich05,conf/spaa/ChuongER10,True
1106,7949,journals/ijhci/GruenRRR02,conf/chi/RivadeneiraGMM07,True
1107,7951,journals/tpds/KangZN07,conf/icdcs/AcharyaB93,True
1108,7954,journals/jpdc/HelmboldM96,journals/cacm/McDowellWBF06,True
1109,7967,journals/ijcim/PhaithoonbuathongHWMK10,conf/wetice/KirkhamGJRRV06,True
1110,7974,journals/sigpro/SeelamantulaS09,journals/tsp/SekharS05,True
1111,7980,journals/queue/Bell04a,journals/sigops/SzalayBHTW10,True
1112,7984,conf/iv/ReitsmaD10,conf/jcdl/DIgnazioRHDL07,True
1113,8000,conf/iccv/VidalMHS01,journals/scl/AbateLS10,True
1114,8005,journals/prl/Huber-MorkRPMHV07,journals/ivc/Huber01,True
1115,8011,conf/coop/RaposoF02,conf/iceis/SantosRG09,True
1116,8033,conf/services/Simmhan08,journals/sigmod/SimmhanPG05,True
1117,8037,conf/sca/LauCXS07,conf/graphicsinterface/Shum04,True
1118,8038,conf/eccv/Kemelmacher-ShlizermanSSS10,conf/cvpr/KemelmacherB05,True
1119,8063,conf/ifip2-5/Reid91,journals/toms/ForthTPR04,True
1120,8067,conf/indiaSE/BhatiaDJ08,conf/iciss/SardanaJ07,True
1121,8069,journals/sigplan/McDowell98,conf/sigcse/BarkerMK09,True
1122,8080,conf/eurosim/EngelenWC96,conf/icws/EngelenZ08,True
1123,8086,conf/www/SchuelerSST08,series/sci/TranCA08,True
1124,8093,journals/ac/WeideOZ91,conf/sigcse/ZwebenRY05,True
1125,8101,conf/springsim/LiangLLCZ10,journals/jss/ChenETMOLLU08,True
1126,8110,journals/siamco/HuPS03,conf/hybrid/GodbehereS10,True
1127,8112,conf/lpar/Goubault94,conf/tacas/SchmittG97,True
1128,8117,journals/scientometrics/CaleroBVN06,journals/scientometrics/NoyonsC09,True
1129,8119,conf/iwann/Faundez-ZanuyFFTA07,conf/icdar/BonillaFGH09,True
1130,8123,conf/iciss/ButlerM05,conf/ccs/EnckRSSCJM07,True
1131,8147,journals/tcs/Moll76,books/sp/MollAK88,True
1132,8150,conf/cikm/CheungZKLLT99,journals/tcs/HungT08,True
1133,8151,journals/dc/ChanC88,journals/jbcb/LeungSYCS09,True
1134,8157,conf/www/KumarMV07,journals/tissec/BishtMV10,True
1135,8158,conf/ah/PsarrasJ06,journals/ijista/Psarras07,True
1136,8161,conf/otm/RinderleWR06,conf/er/KnupleschLRPD10,True
1137,8164,journals/toplas/HertzBMMS06,conf/pos/BlackburnS98,True
1138,8173,conf/iccv/FergusFPZ05,conf/eccv/TaylorFLB10,True
1139,8177,journals/acj/CockburnBM01,conf/ismir/BainbridgeB06,True
1140,8184,conf/icsm/EverittTT04,conf/icse/TesorieroZ98,True
1141,8213,conf/cluster/PlazaPPMV06,conf/europar/MoreauJBP07,True
1142,8215,conf/sac/AalstKV03,conf/nips/LudvigSVK08,True
1143,8216,conf/ppsn/UyHOM10,conf/gecco/LeeMNK09,True
1144,8220,conf/ike/IndrawanTCS04,conf/nbis/NgoWLSM09,True
1145,8223,conf/sigcse/ButlerTW87,conf/cade/ButlerLO88,True
1146,8228,journals/isr/SikoraS96,journals/eswa/PiramuthuS09,True
1147,8230,conf/iccad/EllisPR97,conf/isqed/YaldizALP09,True
1148,8232,conf/fsr/MullaneAW07,conf/iros/DongWS07,True
1149,8235,conf/isn/LewisTRWMB97,conf/ah/OKeeffeCW06,True
1150,8242,conf/alenex/PhanSS02,journals/ijcbdd/PhanM08,True
1151,8244,journals/corr/cmp-lg-9502030,journals/taslp/JeongL08,True
1152,8246,journals/dam/HaywardKM02,conf/soda/McDiarmidH92,True
1153,8255,conf/er/LopesMWO10,conf/caise/EdelweissOP93,True
1154,8275,conf/pdpta/DiabD02,reference/wiley/Damaj08,True
1155,8284,conf/afips/Morgan76,journals/cacm/Morgan74,True
1156,8285,conf/lics/Goubault94,conf/stacs/FinkelG09,True
1157,8286,conf/atal/Sklar03,conf/chi/RozierA97,True
1158,8294,conf/incdm/AdamKV09,conf/ijcnn/KarrasRMGO00,True
1159,8298,conf/tfcv/Roerdink02,journals/jmiv/Roerdink94,True
1160,8309,journals/ijcini/SalemNR09,conf/interact/SalemP07,True
1161,8321,journals/tvlsi/HentschkeNJR09,conf/iscas/SantosJR06,True
1162,8325,conf/prdc/FenzGERW07,conf/ht/GahleitnerBPW05,True
1163,8329,journals/compsec/KirdaJKV09,conf/ndss/KruegelT02,True
1164,8332,journals/jsc/JaulentPPS09,conf/issac/GaalPP91,True
1165,8367,conf/cpm/Myers98,journals/toplas/FraserM87,True
1166,8371,journals/tsp/Taubock07,journals/corr/abs-0903-2774,True
1167,8373,conf/sip/BuiGZ05,journals/ijprai/FengBT01,True
1168,8380,conf/iscas/ChanNGCS04,conf/iros/Shum06,True
1169,8382,journals/dm/SempleS02,journals/siamdm/HamelS97,True
1170,8383,journals/eor/BukchinR06,journals/eor/ArziBM01,True
1171,8384,conf/compsac/SoaresB02,conf/gecco/AraujoOS10,True
1172,8388,conf/scam/PowerH05,conf/iwfm/GrayHSGP99,True
1173,8400,conf/ismir/WhitmanE04,conf/icassp/EllisCM08,True
1174,8405,conf/hicss/Becerra-FernandezMPRVW08,conf/flairs/PrietulaC02,True
1175,8407,conf/miccai/Gibson98,journals/jgtools/HutchinsonFP08,True
1176,8411,journals/ijahuc/AbbasJ10,conf/hipc/SadaphalJ05,True
1177,8424,conf/nips/SmolaVE03,conf/nips/ChengVSWC06,True
1178,8434,conf/acl/LiuCJ07,conf/icmi/BaldwinCK09,True
1179,8438,conf/europar/KreahlingWBYUE03,conf/seafood/DattaE08,True
1180,8441,conf/iwbrs/Fierrez-AguilarKOJ05,reference/bio/Alonso-FernandezF09,True
1181,8442,journals/datamine/LawrenceAKVD01,conf/pvm/AlmasiDES05,True
1182,8443,journals/wicomm/ChandJM07,conf/icon/SardanaJ08,True
1183,8464,conf/iccS/CaceresSS01,conf/sbac-pad/CaceresV04,True
1184,8465,conf/caise/AlbrechtABDT95,conf/bxml/KlettkeT05,True
1185,8478,conf/kgc/Goubault93,conf/ipps/Goubault-Larrecq00,True
1186,8486,journals/sigmod/Eich88a,journals/dke/XiaoD01,True
1187,8490,conf/icml/AuerHM95,conf/atal/BowlingRBBBDHHJKPSSSWZ09,True
1188,8498,journals/jhsn/MohanM99,journals/cn/ZhaoG08,True
1189,8504,journals/ras/AngW97,conf/atal/LowLA02,True
1190,8521,journals/ton/WongCY00,journals/ett/ChlamtacFW00,True
1191,8532,conf/services/CaoPSRS09,journals/sp/KrishnanBGAGSSAADW02,True
1192,8549,conf/www/ZhangWTY10,conf/semweb/TranCRS07,True
1193,8550,conf/hicss/JennexO02a,conf/hicss/JennexSC07a,True
1194,8557,conf/hicss/Sundaresan97,conf/www/LuZS09,True
1195,8565,journals/tcad/Entrena-ArrontesC95,conf/dft/Garcia-ValderasCLGE07,True
1196,8570,conf/ifip1-7/ShiBA04,reference/crypt/Adams05l,True
1197,8577,conf/adl/GeffnerAASL98,reference/db/Larsgaard09,True
1198,8598,journals/comcom/WongLPL06,conf/wd/LuongLYK10,True
1199,8602,conf/nossdav/BlairCCDGS93,conf/ac/Shepherd83,True
1200,8634,conf/eccb/DemirGY05,journals/pr/TosunKSG09,True
1201,8635,conf/ah/PsarrasJ06,conf/iceis/MouzakitisSLP08,True
1202,8647,conf/ciit/TranmanhFL02,conf/date/SyedLF10,True
1203,8652,journals/twc/ZhangL04a,conf/icc/Zhang09,True
1204,8671,conf/kyotoDL/LeskI00,conf/cikm/GelernterL08,True
1205,8692,conf/ijcnn/AussemMM00,conf/esann/BellalBA08,True
1206,8736,journals/ton/SharmaM08,conf/infocom/LeeMS04,True
1207,8738,journals/scp/EngelenWY04,conf/ics/ShouE08,True
1208,8746,conf/networking/CarraCB07,conf/p2p/DuminucoB08,True
1209,8748,conf/icpp/McDowell88,conf/isese/WilliamsMNFW03,True
1210,8755,conf/soda/HatamiM10,journals/jct/FarzadMR05,True
1211,8764,conf/stacs/DuttingHW10,reference/algo/Henzinger08,True
1212,8769,journals/apal/DixOZ01,journals/logcom/GalindoRC08,True
1213,8778,journals/jcc/CaseCDGLMOSWW05,journals/jcc/YorkBDPA94,True
1214,8787,journals/corr/abs-1007-2216,conf/icalp/VassilevskaWY06,True
1215,8801,journals/tcs/Robinson94,conf/mfps/HylandRR89,True
1216,8814,conf/nicso/DumitrescuS10,conf/gecco/IclanzanD08a,True
1217,8818,journals/ijcpol/SiqueiraMB04,conf/eatis/BaruqueBM07,True
1218,8821,journals/talg/GabowBF07,conf/focs/AmirF91,True
1219,8823,journals/ijisec/QuinnLOW09,conf/apsec/BisbalLWGWRO97,True
1220,8828,conf/indiaSE/ChristodorescuJK08,conf/sac/KrugelTK02,True
1221,8830,journals/informs/VriesV03,conf/ipco/BertsimasTV95,True
1222,8837,conf/mkwi/BeringerEKSW08,journals/cacm/Beringer04,True
1223,8882,conf/idc/StanescuBMIS08,conf/cisis/UdristoiuI10,True
1224,8892,conf/gfkl/StrittTS06,conf/gi/PaulheimDTPZ09,True
1225,8893,journals/ijisec/NaliAM06,reference/crypt/Adams05f,True
1226,8894,journals/ieeesp/Adams05,reference/crypt/Adams05h,True
1227,8896,conf/icdar/BloombergPM01,conf/www/GuoLKMTWF09,True
1228,8915,journals/ijcia/LamP09,journals/tsmc/LamL04,True
1229,8917,conf/europar/FreilingMM07,conf/gi/BenensonGK04,True
1230,8926,journals/icom/GeisslerHK04,conf/colcom/SommerkampSKRF09,True
1231,8929,conf/indiaSE/SinghC09,conf/itng/OskoueiC10,True
1232,8953,conf/wob/AlvesCDS02,conf/pdcs/CaceresN05,True
1233,8957,journals/ijwis/IraniW09,conf/iri/LatifWT07,True
1234,8971,conf/cec/PeraltaGS09,conf/iwann/IsasiMM97,True
1235,8975,conf/soda/GopalanJKK07,conf/stoc/Thathachar98,True
1236,8989,conf/micro/ConnorsH99,conf/micro/WuMCRCWLB05,True
1237,8991,conf/dna/PhanG04,journals/ijbra/PhanTMS10,True
1238,8993,conf/globecom/BlackJAMZ09,conf/pimrc/AzarianLGA10,True
1239,9047,journals/twc/SongZ08a,conf/icc/Zhang09,True
1240,9051,books/mk/WittenMB99,conf/IEEEcit/SuLJB10,True
1241,9078,journals/software/BeckerM01,conf/dgo/Becker04,True
1242,9080,conf/aaai/LowLA04,journals/jirs/TourassisA95,True
1243,9093,journals/jcb/ChristodoulakisGIAS07,journals/jda/LemstromNP05,True
1244,9094,conf/icann/Graham02,conf/nips/GrahamW94,True
1245,9113,journals/dm/McDiarmidA94,conf/swat/McDiarmidRSS92,True
1246,9115,journals/sigmod/Eich87,conf/bibe/KotamartiRRD09,True
1247,9132,conf/cccg/DrysdaleSW05,conf/compgeom/DickersonDMW94,True
1248,9133,journals/lre/CalhounCBMJSB10,conf/acl/GildeaJ00,True
1249,9134,journals/ir/Robertson02a,conf/ecir/Robertson07a,True
1250,9169,journals/ibmrd/KandlurN08,conf/islped/Narayanaswami05,True
1251,9175,journals/sttt/BeyerJKLP06,journals/tcs/CookKS07,True
1252,9199,journals/ijbc/BoccalettiCR09,journals/ijsysc/LeyvaSBAB09,True
1253,9202,conf/ipsn/OhS05,conf/icip/YangSGM10,True
1254,9204,journals/sigmod/Eich86a,journals/bioinformatics/KotamartiHRMD10,True
1255,9216,conf/ccgrid/MarshallKF10,conf/europar/KeaheyLRRTW10,True
1256,9219,journals/dcc/DeyR05,journals/tit/RajanSB02,True
1257,9234,conf/focs/Farach-ColtonI99,conf/soda/GuFB94,True
1258,9250,conf/ccs/Sastry06,journals/corr/abs-1006-3679,True
1259,9289,conf/avi/Beringer06,conf/chi/HoltzblattBB05,True
1260,9304,journals/ir/HuangPSCR03,conf/naacl/RitchieTR06,True
1261,9310,conf/icmcs/ZhangSP01,conf/vg/FeiP01,True
1262,9312,journals/ijprai/LeungC07,conf/cec/LaiLL10,True
1263,9321,conf/coding/Roux86,journals/mcs/BaatiRDU04,True
1264,9325,conf/siggraph/OlsenDR85,journals/tochi/Olsen94,True
1265,9357,journals/vldb/DongHY09,conf/cidr/Berti-EquilleSDMS09,True
1266,9360,conf/tabletop/OlsenCP07,journals/tog/Olsen86,True
1267,9363,journals/jacm/Myers99,journals/spe/MillerM85,True
1268,9366,journals/ppna/ManzatoF08,conf/sac/BatistaDF09,True
1269,9387,journals/tcs/ZaharakisK08,conf/pci/GiannopoulosGK09,True
1270,9393,conf/saso/BruecknerDHY08,conf/atal/ParunakB03,True
1271,9415,conf/concur/Laird05,conf/icalp/Laird04,True
1272,9434,journals/jucs/WulfKSIMPFNH99,journals/psychnology/McCallJB08,True
1273,9460,conf/cf/JinLPRWF10,conf/vlsi/FurberDGPW93,True
1274,9494,conf/er/BastosO00,journals/rita/LambO06,True
1275,9546,journals/cacm/BruceDKT03,journals/siamcomp/DrysdaleY75,True
1276,9548,reference/db/Gruber09,conf/icml/GruberBBW91,True
1277,9559,reference/db/Eugster09,conf/middleware/JayaramJE10,True
1278,9563,journals/toms/Hill81a,journals/cacm/Hill70b,True
1279,9583,journals/jcb/ChristodoulakisGIAS07,journals/ieicet/LeeP07b,True
1280,9594,journals/cgf/BarnW87,conf/icalt/Hijon-NeiraVBO08,True
1281,9642,conf/isnn/VazquezS08,journals/npl/MonterosA08,True
1282,9692,journals/cmot/Prietula00,journals/jasss/PrietulaCG03,True
1283,9744,journals/expert/Cantu-Ortiz03,journals/eswa/AlvaradoCC04,True
1284,7717,journals/ieicet/BademWFK09,conf/icip/FernandoL04,True
1285,7768,conf/pdd/AppelbeM88,conf/iticse/McDowellHW03,True
1286,7852,conf/micai/CamposFJ00,journals/ivc/BanonBC10,True
1287,8185,conf/ices/AlfaroR05,conf/ismis/RiffOB09,True
1288,8578,journals/jsyml/HardinV01,conf/lics/Hardin05,True
1289,8879,conf/miccai/RamirezIMP04,conf/caip/RadevaM95,True
